Model,Model_ID,Std_Residual_Type,Site,Year,Observed_LogEggs,Predicted_tt1,Residual,Std_Residual
P0_Null,M0_Null,marginal_standardized,LS01,1997,NA,NA,NA,NA
P0_Null,M0_Null,marginal_standardized,LS01,1998,NA,NA,NA,NA
P0_Null,M0_Null,marginal_standardized,LS01,1999,NA,NA,NA,NA
P0_Null,M0_Null,marginal_standardized,LS01,2000,NA,NA,NA,NA
P0_Null,M0_Null,marginal_standardized,LS01,2001,NA,NA,NA,NA
P0_Null,M0_Null,marginal_standardized,LS01,2002,NA,NA,NA,NA
P0_Null,M0_Null,marginal_standardized,LS01,2003,3.7612001156935624,3.761200115693549,1.3322676295501878e-14,4.955976958133212e-15
P0_Null,M0_Null,marginal_standardized,LS01,2004,4.02535169073515,3.6786869353918243,0.3466647553433253,0.34119017200619234
P0_Null,M0_Null,marginal_standardized,LS01,2005,2.833213344056216,3.9428385104334116,-1.1096251663771954,-1.0921017944373632
P0_Null,M0_Null,marginal_standardized,LS01,2006,3.784189633918261,2.750700163754478,1.033489470163783,1.017168444892963
P0_Null,M0_Null,marginal_standardized,LS01,2007,3.332204510175204,3.701676453616523,-0.3694719434413192,-0.36363718546859486
P0_Null,M0_Null,marginal_standardized,LS01,2008,4.454347296253507,3.2496913298734658,1.2046559663800416,1.1856318533749841
P0_Null,M0_Null,marginal_standardized,LS01,2009,4.060443010546419,4.37183411595177,-0.31139110540535064,-0.3064735689938535
P0_Null,M0_Null,marginal_standardized,LS01,2010,3.091042453358316,3.977929830244681,-0.886887376886365,-0.8728815145061323
P0_Null,M0_Null,marginal_standardized,LS01,2011,4.02535169073515,3.008529273056578,1.0168224176785716,1.000764601073785
P0_Null,M0_Null,marginal_standardized,LS01,2012,4.02535169073515,3.9428385104334116,0.08251318030173804,0.08121011941939836
P0_Null,M0_Null,marginal_standardized,LS01,2013,3.1780538303479458,3.9428385104334116,-0.7647846800854659,-0.7527070823442593
P0_Null,M0_Null,marginal_standardized,LS01,2014,2.3978952727983707,3.0955406500462077,-0.697645377247837,-0.6866280537425203
P0_Null,M0_Null,marginal_standardized,LS01,2015,3.4011973816621555,2.3153820924966326,1.0858152891655228,1.068667926482568
P0_Null,M0_Null,marginal_standardized,LS01,2016,2.4849066497880004,3.3186842013604174,-0.8337775515724171,-0.8206104077530424
P0_Null,M0_Null,marginal_standardized,LS01,2017,0.6931471805599453,2.4023934694862623,-1.709246288926317,-1.682253607645103
P0_Null,M0_Null,marginal_standardized,LS01,2018,2.302585092994046,0.6106340002582071,1.6919510927358388,1.6652315398630293
P0_Null,M0_Null,marginal_standardized,LS01,2019,0.6931471805599453,2.220071912692308,-1.5269247321323625,-1.5028113010242323
P0_Null,M0_Null,marginal_standardized,LS01,2020,2.4849066497880004,0.6106340002582071,1.8742726495297932,1.8446738464838999
P0_Null,M0_Null,marginal_standardized,LS01,2021,1.3862943611198906,2.4023934694862623,-1.0160991083663717,-1.0000527143739133
P0_Null,M0_Null,marginal_standardized,LS01,2022,1.0986122886681098,1.3037811808181525,-0.20516889215004275,-0.20192883332966954
P0_Null,M0_Null,marginal_standardized,LS01,2023,2.0794415416798357,1.0160991083663717,1.063342433313464,1.046549965439656
P0_Null,M0_Null,marginal_standardized,LS01,2024,NA,NA,NA,NA
P0_Null,M0_Null,marginal_standardized,LS01,2025,1.9459101490553132,1.9144151810763597,0.03149496797895357,NA
P0_Null,M0_Null,marginal_standardized,LS04,1997,NA,NA,NA,NA
P0_Null,M0_Null,marginal_standardized,LS04,1998,NA,NA,NA,NA
P0_Null,M0_Null,marginal_standardized,LS04,1999,NA,NA,NA,NA
P0_Null,M0_Null,marginal_standardized,LS04,2000,NA,NA,NA,NA
P0_Null,M0_Null,marginal_standardized,LS04,2001,NA,NA,NA,NA
P0_Null,M0_Null,marginal_standardized,LS04,2002,NA,NA,NA,NA
P0_Null,M0_Null,marginal_standardized,LS04,2003,1.0986122886681098,1.0986122886681604,-5.062616992290714e-14,-2.4436128970319825e-14
P0_Null,M0_Null,marginal_standardized,LS04,2004,NA,NA,NA,NA
P0_Null,M0_Null,marginal_standardized,LS04,2005,NA,NA,NA,NA
P0_Null,M0_Null,marginal_standardized,LS04,2006,NA,NA,NA,NA
P0_Null,M0_Null,marginal_standardized,LS04,2007,NA,NA,NA,NA
P0_Null,M0_Null,marginal_standardized,LS04,2008,1.6094379124341003,0.8489276776072121,0.7605102348268882,0.4343365897134989
P0_Null,M0_Null,marginal_standardized,LS04,2009,NA,NA,NA,NA
P0_Null,M0_Null,marginal_standardized,LS04,2010,0.6931471805599453,1.5095640680097415,-0.8164168874497963,-0.7372305740471049
P0_Null,M0_Null,marginal_standardized,LS04,2011,2.0794415416798357,0.6432102583477657,1.43623128333207,1.8341326343097946
P0_Null,M0_Null,marginal_standardized,LS04,2012,0.6931471805599453,2.0295046194676565,-1.336357438907711,-1.7065891951029055
P0_Null,M0_Null,marginal_standardized,LS04,2013,1.791759469228055,0.6432102583477659,1.148549210880289,1.4667495508794295
P0_Null,M0_Null,marginal_standardized,LS04,2014,1.9459101490553132,1.7418225470158755,0.20408760203943777,0.26062914483392147
P0_Null,M0_Null,marginal_standardized,LS04,2015,1.9459101490553132,1.8959732268431337,0.04993692221217949,0.06377171960344453
P0_Null,M0_Null,marginal_standardized,LS04,2016,0.6931471805599453,1.8959732268431337,-1.2028260462831883,-1.5360635369030173
P0_Null,M0_Null,marginal_standardized,LS04,2017,0,0.6432102583477659,-0.6432102583477659,-0.8214087377497307
P0_Null,M0_Null,marginal_standardized,LS04,2018,0,-0.04993692221217959,0.04993692221217959,0.06377171960344465
P0_Null,M0_Null,marginal_standardized,LS04,2019,0,-0.04993692221217948,0.04993692221217948,0.06377171960344451
P0_Null,M0_Null,marginal_standardized,LS04,2020,0,-0.04993692221217948,0.04993692221217948,0.06377171960344451
P0_Null,M0_Null,marginal_standardized,LS04,2021,0,-0.04993692221217948,0.04993692221217948,0.06377171960344451
P0_Null,M0_Null,marginal_standardized,LS04,2022,0,-0.04993692221217948,0.04993692221217948,0.06377171960344451
P0_Null,M0_Null,marginal_standardized,LS04,2023,1.3862943611198906,-0.04993692221217949,1.43623128333207,1.8341326343097946
P0_Null,M0_Null,marginal_standardized,LS04,2024,NA,NA,NA,NA
P0_Null,M0_Null,marginal_standardized,LS04,2025,0,1.2864205166955316,-1.2864205166955316,NA
P0_Null,M0_Null,marginal_standardized,LS05,1997,NA,NA,NA,NA
P0_Null,M0_Null,marginal_standardized,LS05,1998,NA,NA,NA,NA
P0_Null,M0_Null,marginal_standardized,LS05,1999,NA,NA,NA,NA
P0_Null,M0_Null,marginal_standardized,LS05,2000,NA,NA,NA,NA
P0_Null,M0_Null,marginal_standardized,LS05,2001,NA,NA,NA,NA
P0_Null,M0_Null,marginal_standardized,LS05,2002,NA,NA,NA,NA
P0_Null,M0_Null,marginal_standardized,LS05,2003,NA,NA,NA,NA
P0_Null,M0_Null,marginal_standardized,LS05,2004,0,1.4551915228366858e-14,-1.4551915228366858e-14,-4.8744550045205746e-15
P0_Null,M0_Null,marginal_standardized,LS05,2005,1.3862943611198906,1.7763568394002505e-15,1.3862943611198888,1.3134282706204452
P0_Null,M0_Null,marginal_standardized,LS05,2006,2.302585092994046,1.3862943611198923,0.9162907318741536,0.8681288657762437
P0_Null,M0_Null,marginal_standardized,LS05,2007,1.3862943611198906,2.3025850929940477,-0.9162907318741571,-0.8681288657762471
P0_Null,M0_Null,marginal_standardized,LS05,2008,3.295836866004329,1.3862943611198923,1.9095425048844368,1.809173563860222
P0_Null,M0_Null,marginal_standardized,LS05,2009,2.0794415416798357,3.2958368660043305,-1.2163953243244947,-1.1524594285500016
P0_Null,M0_Null,marginal_standardized,LS05,2010,0,2.079441541679838,-2.079441541679838,-1.9701424059306722
P0_Null,M0_Null,marginal_standardized,LS05,2011,0.6931471805599453,1.7763568394002505e-15,0.6931471805599435,0.6567141353102217
P0_Null,M0_Null,marginal_standardized,LS05,2012,0,0.6931471805599471,-0.6931471805599471,-0.6567141353102252
P0_Null,M0_Null,marginal_standardized,LS05,2013,2.3978952727983707,1.7763568394002505e-15,2.397895272798369,2.2718576440982376
P0_Null,M0_Null,marginal_standardized,LS05,2014,1.0986122886681098,2.3978952727983724,-1.2992829841302627,-1.2309903659380177
P0_Null,M0_Null,marginal_standardized,LS05,2015,0.6931471805599453,1.0986122886681116,-0.40546510810816627,-0.38415314285000185
P0_Null,M0_Null,marginal_standardized,LS05,2016,0,0.6931471805599471,-0.6931471805599471,-0.6567141353102252
P0_Null,M0_Null,marginal_standardized,LS05,2017,1.0986122886681098,1.7763568394002505e-15,1.098612288668108,1.040867278160222
P0_Null,M0_Null,marginal_standardized,LS05,2018,0,1.0986122886681116,-1.0986122886681116,-1.0408672781602253
P0_Null,M0_Null,marginal_standardized,LS05,2019,0,1.8061946572572736e-15,-1.8061946572572736e-15,-1.7112578624130665e-15
P0_Null,M0_Null,marginal_standardized,LS05,2020,0,1.8061946572572736e-15,-1.8061946572572736e-15,-1.7112578624130665e-15
P0_Null,M0_Null,marginal_standardized,LS05,2021,0,1.8061946572572736e-15,-1.8061946572572736e-15,-1.7112578624130665e-15
P0_Null,M0_Null,marginal_standardized,LS05,2022,0,1.8061946572572736e-15,-1.8061946572572736e-15,-1.7112578624130665e-15
P0_Null,M0_Null,marginal_standardized,LS05,2023,0,1.8061946572572736e-15,-1.8061946572572736e-15,-1.7112578624130665e-15
P0_Null,M0_Null,marginal_standardized,LS05,2024,0,1.8061946572572736e-15,-1.8061946572572736e-15,-1.7112578624130665e-15
P0_Null,M0_Null,marginal_standardized,LS05,2025,0,1.8061946572572736e-15,-1.8061946572572736e-15,NA
P0_Null,M0_Null,marginal_standardized,LS06,1997,NA,NA,NA,NA
P0_Null,M0_Null,marginal_standardized,LS06,1998,NA,NA,NA,NA
P0_Null,M0_Null,marginal_standardized,LS06,1999,NA,NA,NA,NA
P0_Null,M0_Null,marginal_standardized,LS06,2000,NA,NA,NA,NA
P0_Null,M0_Null,marginal_standardized,LS06,2001,NA,NA,NA,NA
P0_Null,M0_Null,marginal_standardized,LS06,2002,NA,NA,NA,NA
P0_Null,M0_Null,marginal_standardized,LS06,2003,NA,NA,NA,NA
P0_Null,M0_Null,marginal_standardized,LS06,2004,NA,NA,NA,NA
P0_Null,M0_Null,marginal_standardized,LS06,2005,0,-4.804490139065365e-14,4.804490139065365e-14,1.1024376455443955e-14
P0_Null,M0_Null,marginal_standardized,LS06,2006,1.3862943611198906,0.11989476363991303,1.2663995974799775,0.8717636316155225
P0_Null,M0_Null,marginal_standardized,LS06,2007,0,1.5061891247598036,-1.5061891247598036,-1.0368298473193187
P0_Null,M0_Null,marginal_standardized,LS06,2008,1.0986122886681098,0.11989476363991303,0.9787175250281968,0.6737291654562663
P0_Null,M0_Null,marginal_standardized,LS06,2009,0,1.2185070523080228,-1.2185070523080228,-0.8387953811600625
P0_Null,M0_Null,marginal_standardized,LS06,2010,0,0.119894763639913,-0.119894763639913,-0.08253310785189805
P0_Null,M0_Null,marginal_standardized,LS06,2011,3.091042453358316,0.11989476363991347,2.9711476897184026,2.045277418919849
P0_Null,M0_Null,marginal_standardized,LS06,2012,2.3978952727983707,3.2109372169982286,-0.813041944199858,-0.5596814775856082
P0_Null,M0_Null,marginal_standardized,LS06,2013,2.0794415416798357,2.5177900364382837,-0.43834849475844795,-0.30175015568880437
P0_Null,M0_Null,marginal_standardized,LS06,2014,0,2.1993363053197488,-2.1993363053197488,-1.513978217053029
P0_Null,M0_Null,marginal_standardized,LS06,2015,1.3862943611198906,0.11989476363991303,1.2663995974799775,0.8717636316155225
P0_Null,M0_Null,marginal_standardized,LS06,2016,0,1.5061891247598036,-1.5061891247598036,-1.0368298473193187
P0_Null,M0_Null,marginal_standardized,LS06,2017,2.302585092994046,0.11989476363991303,2.182690329354133,1.5025194669962172
P0_Null,M0_Null,marginal_standardized,LS06,2018,0,2.4224798566339585,-2.4224798566339585,-1.667585682700013
P0_Null,M0_Null,marginal_standardized,LS06,2019,0,0.11989476363991344,-0.11989476363991344,-0.08253310785189835
P0_Null,M0_Null,marginal_standardized,LS06,2020,0,0.11989476363991301,-0.11989476363991301,-0.08253310785189806
P0_Null,M0_Null,marginal_standardized,LS06,2021,0,0.119894763639913,-0.119894763639913,-0.08253310785189805
P0_Null,M0_Null,marginal_standardized,LS06,2022,2.772588722239781,0.11989476363991303,2.652693958599868,1.826060371082943
P0_Null,M0_Null,marginal_standardized,LS06,2023,3.1354942159291497,2.8924834858796937,0.24301073004945595,0.16728362593529847
P0_Null,M0_Null,marginal_standardized,LS06,2024,1.9459101490553132,3.2553889795690627,-1.3094788305137495,-0.9014184962502423
P0_Null,M0_Null,marginal_standardized,LS06,2025,2.3978952727983707,2.065804912695226,0.33209036010314463,NA
P0_Null,M0_Null,marginal_standardized,LS07,1997,NA,NA,NA,NA
P0_Null,M0_Null,marginal_standardized,LS07,1998,NA,NA,NA,NA
P0_Null,M0_Null,marginal_standardized,LS07,1999,NA,NA,NA,NA
P0_Null,M0_Null,marginal_standardized,LS07,2000,NA,NA,NA,NA
P0_Null,M0_Null,marginal_standardized,LS07,2001,NA,NA,NA,NA
P0_Null,M0_Null,marginal_standardized,LS07,2002,NA,NA,NA,NA
P0_Null,M0_Null,marginal_standardized,LS07,2003,NA,NA,NA,NA
P0_Null,M0_Null,marginal_standardized,LS07,2004,0,1.9984014443252818e-15,-1.9984014443252818e-15,-4.865538605840432e-16
P0_Null,M0_Null,marginal_standardized,LS07,2005,0,0.173218388558399,-0.173218388558399,-0.11928536821171065
P0_Null,M0_Null,marginal_standardized,LS07,2006,0,0.173218388558399,-0.173218388558399,-0.11928536821171065
P0_Null,M0_Null,marginal_standardized,LS07,2007,NA,NA,NA,NA
P0_Null,M0_Null,marginal_standardized,LS07,2008,0,0.346436777116798,-0.346436777116798,-0.16869498551766965
P0_Null,M0_Null,marginal_standardized,LS07,2009,1.791759469228055,0.1732183885583991,1.6185410806696559,1.1145945322564224
P0_Null,M0_Null,marginal_standardized,LS07,2010,1.3862943611198906,1.964977857786454,-0.5786834966665635,-0.39850546210709575
P0_Null,M0_Null,marginal_standardized,LS07,2011,3.7612001156935624,1.5595127496782895,2.201687366015273,1.5161732557837542
P0_Null,M0_Null,marginal_standardized,LS07,2012,4.343805421853684,3.9344185042519615,0.40938691760172263,0.2819208146063248
P0_Null,M0_Null,marginal_standardized,LS07,2013,4.07753744390572,4.517023810412083,-0.4394863665063635,-0.3026485437778104
P0_Null,M0_Null,marginal_standardized,LS07,2014,1.791759469228055,4.250755832464119,-2.458996363236064,-1.6933669055637262
P0_Null,M0_Null,marginal_standardized,LS07,2015,3.091042453358316,1.964977857786454,1.126064595571862,0.775454794556496
P0_Null,M0_Null,marginal_standardized,LS07,2016,2.1972245773362196,3.264260841916715,-1.0670362645804956,-0.7348054370845323
P0_Null,M0_Null,marginal_standardized,LS07,2017,2.0794415416798357,2.3704429658946187,-0.2910014242147829,-0.2003956527161069
P0_Null,M0_Null,marginal_standardized,LS07,2018,1.3862943611198906,2.252659930238235,-0.8663655691183443,-0.5966152714980847
P0_Null,M0_Null,marginal_standardized,LS07,2019,0,1.5595127496782895,-1.5595127496782895,-1.0739451747844588
P0_Null,M0_Null,marginal_standardized,LS07,2020,2.1972245773362196,0.1732183885583991,2.0240061887778205,1.3938146261518076
P0_Null,M0_Null,marginal_standardized,LS07,2021,0,2.3704429658946187,-2.3704429658946187,-1.6323853625752291
P0_Null,M0_Null,marginal_standardized,LS07,2022,3.6635616461296463,0.1732183885583991,3.490343257571247,2.4035951617473934
P0_Null,M0_Null,marginal_standardized,LS07,2023,3.4339872044851463,3.8367800346880454,-0.40279283020289913,-0.27737985247213615
P0_Null,M0_Null,marginal_standardized,LS07,2024,2.4849066497880004,3.6072055930435454,-1.122298943255545,-0.772861610155882
P0_Null,M0_Null,marginal_standardized,LS07,2025,3.6375861597263857,2.6581250383463995,0.9794611213799862,NA
P0_Null,M0_Null,marginal_standardized,LS08,1997,NA,NA,NA,NA
P0_Null,M0_Null,marginal_standardized,LS08,1998,NA,NA,NA,NA
P0_Null,M0_Null,marginal_standardized,LS08,1999,NA,NA,NA,NA
P0_Null,M0_Null,marginal_standardized,LS08,2000,NA,NA,NA,NA
P0_Null,M0_Null,marginal_standardized,LS08,2001,NA,NA,NA,NA
P0_Null,M0_Null,marginal_standardized,LS08,2002,NA,NA,NA,NA
P0_Null,M0_Null,marginal_standardized,LS08,2003,NA,NA,NA,NA
P0_Null,M0_Null,marginal_standardized,LS08,2004,NA,NA,NA,NA
P0_Null,M0_Null,marginal_standardized,LS08,2005,NA,NA,NA,NA
P0_Null,M0_Null,marginal_standardized,LS08,2006,NA,NA,NA,NA
P0_Null,M0_Null,marginal_standardized,LS08,2007,NA,NA,NA,NA
P0_Null,M0_Null,marginal_standardized,LS08,2008,1.6094379124341003,1.6094379124340779,2.2426505097428162e-14,3.3958437390512107e-15
P0_Null,M0_Null,marginal_standardized,LS08,2009,2.6390573296152584,1.5793893463302169,1.0596679832850415,0.5558358245937232
P0_Null,M0_Null,marginal_standardized,LS08,2010,0,2.6090087635113743,-2.6090087635113743,-1.36852350010891
P0_Null,M0_Null,marginal_standardized,LS08,2011,4.189654742026425,-0.030048566103882735,4.219703308130308,2.213393539120038
P0_Null,M0_Null,marginal_standardized,LS08,2012,2.3978952727983707,4.159606175922542,-1.761710903124171,-0.9240838149116505
P0_Null,M0_Null,marginal_standardized,LS08,2013,2.9444389791664403,2.367846706694487,0.5765922724719532,0.3024443941679491
P0_Null,M0_Null,marginal_standardized,LS08,2014,0,2.9143904130625566,-2.9143904130625566,-1.528707693338813
P0_Null,M0_Null,marginal_standardized,LS08,2015,2.3978952727983707,-0.030048566103883623,2.4279438389022543,1.273548117949007
P0_Null,M0_Null,marginal_standardized,LS08,2016,1.6094379124341003,2.367846706694487,-0.7584087942603868,-0.397814017396296
P0_Null,M0_Null,marginal_standardized,LS08,2017,2.6390573296152584,1.5793893463302169,1.0596679832850415,0.5558358245937232
P0_Null,M0_Null,marginal_standardized,LS08,2018,1.791759469228055,2.609008763511375,-0.8172492942833198,-0.4286780789378784
P0_Null,M0_Null,marginal_standardized,LS08,2019,0.6931471805599453,1.7617109031241718,-1.0685637225642264,-0.5605019753651073
P0_Null,M0_Null,marginal_standardized,LS08,2020,0,0.6630986144560617,-0.6630986144560617,-0.3478202332871627
P0_Null,M0_Null,marginal_standardized,LS08,2021,1.3862943611198906,-0.0300485661038834,1.416342927223774,0.7429252853524683
P0_Null,M0_Null,marginal_standardized,LS08,2022,2.0794415416798357,1.3562457950160072,0.7231957466638286,0.37934344580592455
P0_Null,M0_Null,marginal_standardized,LS08,2023,3.4965075614664802,2.049392975575952,1.447114585890528,0.7590661809338638
P0_Null,M0_Null,marginal_standardized,LS08,2024,0,3.466458995362596,-3.466458995362596,-1.8182884870547327
P0_Null,M0_Null,marginal_standardized,LS08,2025,1.0986122886681098,-0.030048566103882957,1.1286608547719927,NA
P0_Null,M0_Null,marginal_standardized,LS11,1997,NA,NA,NA,NA
P0_Null,M0_Null,marginal_standardized,LS11,1998,NA,NA,NA,NA
P0_Null,M0_Null,marginal_standardized,LS11,1999,NA,NA,NA,NA
P0_Null,M0_Null,marginal_standardized,LS11,2000,NA,NA,NA,NA
P0_Null,M0_Null,marginal_standardized,LS11,2001,NA,NA,NA,NA
P0_Null,M0_Null,marginal_standardized,LS11,2002,NA,NA,NA,NA
P0_Null,M0_Null,marginal_standardized,LS11,2003,NA,NA,NA,NA
P0_Null,M0_Null,marginal_standardized,LS11,2004,NA,NA,NA,NA
P0_Null,M0_Null,marginal_standardized,LS11,2005,NA,NA,NA,NA
P0_Null,M0_Null,marginal_standardized,LS11,2006,NA,NA,NA,NA
P0_Null,M0_Null,marginal_standardized,LS11,2007,NA,NA,NA,NA
P0_Null,M0_Null,marginal_standardized,LS11,2008,3.044522437723423,3.044522437723411,1.199040866595169e-14,2.406301991254494e-15
P0_Null,M0_Null,marginal_standardized,LS11,2009,NA,NA,NA,NA
P0_Null,M0_Null,marginal_standardized,LS11,2010,2.5649493574615367,2.8971385590769105,-0.3321892016153738,-0.16329665219377207
P0_Null,M0_Null,marginal_standardized,LS11,2011,4.6913478822291435,2.4912574181382805,2.200090464090863,1.5294923419093214
P0_Null,M0_Null,marginal_standardized,LS11,2012,4.574710978503383,4.617655942905887,-0.04294496440250395,-0.029855133345319335
P0_Null,M0_Null,marginal_standardized,LS11,2013,4.51085950651685,4.501019039180126,0.009840467336723613,0.006841045710612191
P0_Null,M0_Null,marginal_standardized,LS11,2014,4.31748811353631,4.437167567193593,-0.11967945365728294,-0.08320058235802887
P0_Null,M0_Null,marginal_standardized,LS11,2015,5.123963979403259,4.243796174213053,0.8801678051902053,0.6118884380464987
P0_Null,M0_Null,marginal_standardized,LS11,2016,4.718498871295094,5.050272040080002,-0.3317731687849079,-0.23064711619355854
P0_Null,M0_Null,marginal_standardized,LS11,2017,4.330733340286331,4.6448069319718375,-0.3140735916855064,-0.218342455057838
P0_Null,M0_Null,marginal_standardized,LS11,2018,2.0794415416798357,4.257041400963074,-2.1775998592832386,-1.5138569812822824
P0_Null,M0_Null,marginal_standardized,LS11,2019,4.110873864173311,2.0057496023565795,2.105124261816732,1.4634722934207625
P0_Null,M0_Null,marginal_standardized,LS11,2020,0,4.037181924850055,-4.037181924850055,-2.806629517166015
P0_Null,M0_Null,marginal_standardized,LS11,2021,0,-0.0736919393232563,0.0736919393232563,0.051230282888363975
P0_Null,M0_Null,marginal_standardized,LS11,2022,0,-0.0736919393232563,0.0736919393232563,0.051230282888363975
P0_Null,M0_Null,marginal_standardized,LS11,2023,1.0986122886681098,-0.07369193932325624,1.172304227991366,0.8149802784776136
P0_Null,M0_Null,marginal_standardized,LS11,2024,NA,NA,NA,NA
P0_Null,M0_Null,marginal_standardized,LS11,2025,1.791759469228055,0.9512284100215973,0.8405310592064577,NA
P0_Null,M0_Null,marginal_standardized,MC01,1997,NA,NA,NA,NA
P0_Null,M0_Null,marginal_standardized,MC01,1998,NA,NA,NA,NA
P0_Null,M0_Null,marginal_standardized,MC01,1999,0,-5.456968210637572e-15,5.456968210637572e-15,2.180493746906859e-15
P0_Null,M0_Null,marginal_standardized,MC01,2000,NA,NA,NA,NA
P0_Null,M0_Null,marginal_standardized,MC01,2001,3.332204510175204,-3.9968028886505635e-15,3.332204510175208,1.6307248869513433
P0_Null,M0_Null,marginal_standardized,MC01,2002,4.454347296253507,3.332204510175202,1.1221427860783053,0.7766264383569983
P0_Null,M0_Null,marginal_standardized,MC01,2003,4.0943445622221,4.454347296253506,-0.36000273403140515,-0.24915513836407785
P0_Null,M0_Null,marginal_standardized,MC01,2004,3.713572066704308,4.094344562222099,-0.3807724955177907,-0.263529731409468
P0_Null,M0_Null,marginal_standardized,MC01,2005,3.6888794541139363,3.713572066704306,-0.024692612590369922,-0.017089568286410537
P0_Null,M0_Null,marginal_standardized,MC01,2006,3.4657359027997265,3.6888794541139345,-0.22314355131420793,-0.15443594491672138
P0_Null,M0_Null,marginal_standardized,MC01,2007,3.58351893845611,3.4657359027997248,0.11778303565638515,0.08151673799051679
P0_Null,M0_Null,marginal_standardized,MC01,2008,4.276666119016055,3.583518938456108,0.6931471805599472,0.479721861401248
P0_Null,M0_Null,marginal_standardized,MC01,2009,2.5649493574615367,4.2766661190160535,-1.7117167615545168,-1.1846660768082453
P0_Null,M0_Null,marginal_standardized,MC01,2010,0,2.564949357461535,-2.564949357461535,-1.7751818295897484
P0_Null,M0_Null,marginal_standardized,MC01,2011,3.9512437185814275,-1.3322676295501878e-15,3.951243718581429,2.734625552392244
P0_Null,M0_Null,marginal_standardized,MC01,2012,2.995732273553991,3.9512437185814253,-0.9555114450274345,-0.661302161870532
P0_Null,M0_Null,marginal_standardized,MC01,2013,3.58351893845611,2.995732273553989,0.5877866649021208,0.40680265447504094
P0_Null,M0_Null,marginal_standardized,MC01,2014,3.6888794541139363,3.583518938456108,0.10536051565782811,0.07291920692620828
P0_Null,M0_Null,marginal_standardized,MC01,2015,4.5217885770490405,3.6888794541139345,0.832909122935106,0.5764500326030734
P0_Null,M0_Null,marginal_standardized,MC01,2016,4.219507705176107,4.521788577049039,-0.30228087187293173,-0.20920627911049208
P0_Null,M0_Null,marginal_standardized,MC01,2017,3.044522437723423,4.219507705176105,-1.1749852674526822,-0.8131983154949802
P0_Null,M0_Null,marginal_standardized,MC01,2018,4.564348191467836,3.0445224377234212,1.5198257537444149,1.051859778182809
P0_Null,M0_Null,marginal_standardized,MC01,2019,3.295836866004329,4.564348191467834,-1.2685113254635052,-0.8779269848119765
P0_Null,M0_Null,marginal_standardized,MC01,2020,4.820281565605037,3.2958368660043273,1.5244446996007097,1.0550565152770914
P0_Null,M0_Null,marginal_standardized,MC01,2021,3.9512437185814275,4.820281565605035,-0.8690378470236078,-0.6014544461762297
P0_Null,M0_Null,marginal_standardized,MC01,2022,0.6931471805599453,3.9512437185814258,-3.2580965380214804,-2.254903690990995
P0_Null,M0_Null,marginal_standardized,MC01,2023,0,0.6931471805599435,-0.6931471805599435,-0.47972186140124545
P0_Null,M0_Null,marginal_standardized,MC01,2024,0,-1.783896111270988e-15,1.783896111270988e-15,1.2346208526074415e-15
P0_Null,M0_Null,marginal_standardized,MC01,2025,0,-1.8949184137335035e-15,1.8949184137335035e-15,NA
P0_Null,M0_Null,marginal_standardized,RC07,1997,NA,NA,NA,NA
P0_Null,M0_Null,marginal_standardized,RC07,1998,NA,NA,NA,NA
P0_Null,M0_Null,marginal_standardized,RC07,1999,NA,NA,NA,NA
P0_Null,M0_Null,marginal_standardized,RC07,2000,NA,NA,NA,NA
P0_Null,M0_Null,marginal_standardized,RC07,2001,NA,NA,NA,NA
P0_Null,M0_Null,marginal_standardized,RC07,2002,NA,NA,NA,NA
P0_Null,M0_Null,marginal_standardized,RC07,2003,NA,NA,NA,NA
P0_Null,M0_Null,marginal_standardized,RC07,2004,NA,NA,NA,NA
P0_Null,M0_Null,marginal_standardized,RC07,2005,NA,NA,NA,NA
P0_Null,M0_Null,marginal_standardized,RC07,2006,NA,NA,NA,NA
P0_Null,M0_Null,marginal_standardized,RC07,2007,NA,NA,NA,NA
P0_Null,M0_Null,marginal_standardized,RC07,2008,0,-1.554312234475219e-14,1.554312234475219e-14,6.1956713762753645e-15
P0_Null,M0_Null,marginal_standardized,RC07,2009,0,0.1790895551601992,-0.1790895551601992,-0.24729252535003873
P0_Null,M0_Null,marginal_standardized,RC07,2010,0,0.1790895551601992,-0.1790895551601992,-0.24729252535003873
P0_Null,M0_Null,marginal_standardized,RC07,2011,0,0.1790895551601992,-0.1790895551601992,-0.24729252535003873
P0_Null,M0_Null,marginal_standardized,RC07,2012,1.6094379124341003,0.1790895551601992,1.430348357273901,1.9750702774605575
P0_Null,M0_Null,marginal_standardized,RC07,2013,3.7612001156935624,1.7885274675942995,1.972672648099263,2.7239288209803405
P0_Null,M0_Null,marginal_standardized,RC07,2014,3.912023005428146,3.940289670853762,-0.028266665425615844,-0.03903150616501534
P0_Null,M0_Null,marginal_standardized,RC07,2015,4.219507705176107,4.091112560588345,0.12839514458776158,0.17729207892324525
P0_Null,M0_Null,marginal_standardized,RC07,2016,4.77912349311153,4.398597260336306,0.3805262327752237,0.5254426645973086
P0_Null,M0_Null,marginal_standardized,RC07,2017,4.875197323201151,4.958213048271729,-0.08301572507057742,-0.11463074034721824
P0_Null,M0_Null,marginal_standardized,RC07,2018,5.176149732573829,5.05428687836135,0.12186285421247867,0.16827208564793408
P0_Null,M0_Null,marginal_standardized,RC07,2019,4.553876891600541,5.355239287734028,-0.801362396133487,-1.1065465570180253
P0_Null,M0_Null,marginal_standardized,RC07,2020,5.003946305945459,4.73296644676074,0.27097985918471945,0.3741775651675734
P0_Null,M0_Null,marginal_standardized,RC07,2021,4.060443010546419,5.183035861105658,-1.122592850559239,-1.5501117343575186
P0_Null,M0_Null,marginal_standardized,RC07,2022,4.07753744390572,4.239532565706618,-0.16199512180089837,-0.22368799078593185
P0_Null,M0_Null,marginal_standardized,RC07,2023,3.7376696182833684,4.256626999065919,-0.5189573807825503,-0.7165927746481973
P0_Null,M0_Null,marginal_standardized,RC07,2024,2.9444389791664403,3.916759173443568,-0.9723201942771276,-1.342610494936715
P0_Null,M0_Null,marginal_standardized,RC07,2025,3.044522437723423,3.1235285343266392,-0.07900609660321622,NA
P0_Null,M0_Null,marginal_standardized,RC10,1997,NA,NA,NA,NA
P0_Null,M0_Null,marginal_standardized,RC10,1998,NA,NA,NA,NA
P0_Null,M0_Null,marginal_standardized,RC10,1999,NA,NA,NA,NA
P0_Null,M0_Null,marginal_standardized,RC10,2000,NA,NA,NA,NA
P0_Null,M0_Null,marginal_standardized,RC10,2001,NA,NA,NA,NA
P0_Null,M0_Null,marginal_standardized,RC10,2002,NA,NA,NA,NA
P0_Null,M0_Null,marginal_standardized,RC10,2003,NA,NA,NA,NA
P0_Null,M0_Null,marginal_standardized,RC10,2004,NA,NA,NA,NA
P0_Null,M0_Null,marginal_standardized,RC10,2005,NA,NA,NA,NA
P0_Null,M0_Null,marginal_standardized,RC10,2006,NA,NA,NA,NA
P0_Null,M0_Null,marginal_standardized,RC10,2007,NA,NA,NA,NA
P0_Null,M0_Null,marginal_standardized,RC10,2008,NA,NA,NA,NA
P0_Null,M0_Null,marginal_standardized,RC10,2009,0,-2.3646862246096155e-14,2.3646862246096155e-14,6.3099207864615664e-15
P0_Null,M0_Null,marginal_standardized,RC10,2010,0,-1.818989403545854e-15,1.818989403545854e-15,1.750057149207938e-15
P0_Null,M0_Null,marginal_standardized,RC10,2011,0,-1.8189894035458573e-15,1.8189894035458573e-15,1.750057149207941e-15
P0_Null,M0_Null,marginal_standardized,RC10,2012,0.6931471805599453,-1.7763568394002505e-15,0.6931471805599471,0.6668797390614825
P0_Null,M0_Null,marginal_standardized,RC10,2013,1.0986122886681098,0.6931471805599435,0.40546510810816627,0.3900996398416777
P0_Null,M0_Null,marginal_standardized,RC10,2014,0,1.098612288668108,-1.098612288668108,-1.0569793789031552
P0_Null,M0_Null,marginal_standardized,RC10,2015,0,-1.8189894035458573e-15,1.8189894035458573e-15,1.750057149207941e-15
P0_Null,M0_Null,marginal_standardized,RC10,2016,1.0986122886681098,-1.7763568394002505e-15,1.0986122886681116,1.0569793789031585
P0_Null,M0_Null,marginal_standardized,RC10,2017,1.6094379124341003,1.098612288668108,0.5108256237659923,0.49146742313485026
P0_Null,M0_Null,marginal_standardized,RC10,2018,0,1.6094379124340985,-1.6094379124340985,-1.5484468020380036
P0_Null,M0_Null,marginal_standardized,RC10,2019,1.0986122886681098,-1.7763568394002505e-15,1.0986122886681116,1.0569793789031585
P0_Null,M0_Null,marginal_standardized,RC10,2020,0.6931471805599453,1.098612288668108,-0.4054651081081627,-0.3900996398416743
P0_Null,M0_Null,marginal_standardized,RC10,2021,0.6931471805599453,0.6931471805599435,1.7763568394002505e-15,1.7090401847733792e-15
P0_Null,M0_Null,marginal_standardized,RC10,2022,0,0.6931471805599435,-0.6931471805599435,-0.666879739061479
P0_Null,M0_Null,marginal_standardized,RC10,2023,2.302585092994046,-1.7763568394002505e-15,2.3025850929940477,2.215326541099488
P0_Null,M0_Null,marginal_standardized,RC10,2024,0,2.302585092994044,-2.302585092994044,-2.215326541099485
P0_Null,M0_Null,marginal_standardized,RC10,2025,0,-1.8189894035458573e-15,1.8189894035458573e-15,NA
P0_Null,M0_Null,marginal_standardized,RC11,1997,NA,NA,NA,NA
P0_Null,M0_Null,marginal_standardized,RC11,1998,NA,NA,NA,NA
P0_Null,M0_Null,marginal_standardized,RC11,1999,NA,NA,NA,NA
P0_Null,M0_Null,marginal_standardized,RC11,2000,NA,NA,NA,NA
P0_Null,M0_Null,marginal_standardized,RC11,2001,NA,NA,NA,NA
P0_Null,M0_Null,marginal_standardized,RC11,2002,NA,NA,NA,NA
P0_Null,M0_Null,marginal_standardized,RC11,2003,NA,NA,NA,NA
P0_Null,M0_Null,marginal_standardized,RC11,2004,NA,NA,NA,NA
P0_Null,M0_Null,marginal_standardized,RC11,2005,NA,NA,NA,NA
P0_Null,M0_Null,marginal_standardized,RC11,2006,NA,NA,NA,NA
P0_Null,M0_Null,marginal_standardized,RC11,2007,NA,NA,NA,NA
P0_Null,M0_Null,marginal_standardized,RC11,2008,NA,NA,NA,NA
P0_Null,M0_Null,marginal_standardized,RC11,2009,NA,NA,NA,NA
P0_Null,M0_Null,marginal_standardized,RC11,2010,NA,NA,NA,NA
P0_Null,M0_Null,marginal_standardized,RC11,2011,0,-2.042810365310288e-14,2.042810365310288e-14,4.495017366662631e-15
P0_Null,M0_Null,marginal_standardized,RC11,2012,0,0.12798281923057303,-0.12798281923057303,-0.1090688222013908
P0_Null,M0_Null,marginal_standardized,RC11,2013,0,0.12798281923057303,-0.12798281923057303,-0.1090688222013908
P0_Null,M0_Null,marginal_standardized,RC11,2014,0,0.12798281923057303,-0.12798281923057303,-0.1090688222013908
P0_Null,M0_Null,marginal_standardized,RC11,2015,1.791759469228055,0.12798281923057298,1.663776649997482,1.4178946886181083
P0_Null,M0_Null,marginal_standardized,RC11,2016,2.302585092994046,1.919742288458628,0.38284280453541797,0.326264212884134
P0_Null,M0_Null,marginal_standardized,RC11,2017,2.1972245773362196,2.430567912224619,-0.2333433348883993,-0.1988585878778853
P0_Null,M0_Null,marginal_standardized,RC11,2018,0.6931471805599453,2.3252073965667925,-1.6320602160068471,-1.3908654817246853
P0_Null,M0_Null,marginal_standardized,RC11,2019,2.5649493574615367,0.8211299997905184,1.7438193576710184,1.4861082496589433
P0_Null,M0_Null,marginal_standardized,RC11,2020,3.1354942159291497,2.6929321766921093,0.4425620392370404,0.37715781431308587
P0_Null,M0_Null,marginal_standardized,RC11,2021,1.0986122886681098,3.263477035159723,-2.164864746491613,-1.8449292611671713
P0_Null,M0_Null,marginal_standardized,RC11,2022,2.8903717578961645,1.2265951078986825,1.663776649997482,1.4178946886181083
P0_Null,M0_Null,marginal_standardized,RC11,2023,1.3862943611198906,3.0183545771267375,-1.632060216006847,-1.3908654817246853
P0_Null,M0_Null,marginal_standardized,RC11,2024,0.6931471805599453,1.5142771803504638,-0.8211299997905185,-0.6997789429066255
P0_Null,M0_Null,marginal_standardized,RC11,2025,1.791759469228055,0.8211299997905184,0.9706294694375366,NA
P0_Null,M0_Null,marginal_standardized,RL02,1997,NA,NA,NA,NA
P0_Null,M0_Null,marginal_standardized,RL02,1998,NA,NA,NA,NA
P0_Null,M0_Null,marginal_standardized,RL02,1999,0,1.099120794378905e-14,-1.099120794378905e-14,-6.8887621507285856e-15
P0_Null,M0_Null,marginal_standardized,RL02,2000,NA,NA,NA,NA
P0_Null,M0_Null,marginal_standardized,RL02,2001,NA,NA,NA,NA
P0_Null,M0_Null,marginal_standardized,RL02,2002,NA,NA,NA,NA
P0_Null,M0_Null,marginal_standardized,RL02,2003,NA,NA,NA,NA
P0_Null,M0_Null,marginal_standardized,RL02,2004,NA,NA,NA,NA
P0_Null,M0_Null,marginal_standardized,RL02,2005,1.6094379124341003,1.1608702895521228,0.4485676228819775,0.19879648047278622
P0_Null,M0_Null,marginal_standardized,RL02,2006,2.0794415416798357,1.8029162940261207,0.276525247653715,0.3001865177839057
P0_Null,M0_Null,marginal_standardized,RL02,2007,1.0986122886681098,2.272919923271856,-1.1743076346037467,-1.274788912150959
P0_Null,M0_Null,marginal_standardized,RL02,2008,2.5649493574615367,1.2920906702601305,1.2728586872014063,1.381772623599531
P0_Null,M0_Null,marginal_standardized,RL02,2009,1.791759469228055,2.7584277390535568,-0.9666682698255018,-1.0493825942956783
P0_Null,M0_Null,marginal_standardized,RL02,2010,2.1972245773362196,1.9852378508200754,0.21198672651614414,0.23012566768940942
P0_Null,M0_Null,marginal_standardized,RL02,2011,3.258096538021482,2.39070295892824,0.8673935790932421,0.9416133256019563
P0_Null,M0_Null,marginal_standardized,RL02,2012,2.302585092994046,3.4515749196135026,-1.1489898266194567,-1.2473047504651409
P0_Null,M0_Null,marginal_standardized,RL02,2013,1.791759469228055,2.4960634745860664,-0.7043040053580114,-0.7645687640588877
P0_Null,M0_Null,marginal_standardized,RL02,2014,2.833213344056216,1.9852378508200754,0.8479754932361407,0.9205337040305773
P0_Null,M0_Null,marginal_standardized,RL02,2015,3.2188758248682006,3.0266917256482366,0.19218409921996393,0.20862860085210938
P0_Null,M0_Null,marginal_standardized,RL02,2016,2.0794415416798357,3.412354206460221,-1.3329126647803853,-1.4469652038845748
P0_Null,M0_Null,marginal_standardized,RL02,2017,4.31748811353631,2.2729199232718567,2.0445681902644535,2.2195145311860016
P0_Null,M0_Null,marginal_standardized,RL02,2018,6.066108090103747,4.510966495128331,1.5551415949754164,1.6882094637563834
P0_Null,M0_Null,marginal_standardized,RL02,2019,5.389071729816501,6.259586471695767,-0.8705147418792665,-0.9450015550534191
P0_Null,M0_Null,marginal_standardized,RL02,2020,5.389071729816501,5.582550111408521,-0.19347838159202002,-0.21003363030816524
P0_Null,M0_Null,marginal_standardized,RL02,2021,5.765191102784844,5.582550111408521,0.1826409913763234,0.1982689236192871
P0_Null,M0_Null,marginal_standardized,RL02,2022,5.10594547390058,5.958669484376864,-0.8527240104762841,-0.9256885347993776
P0_Null,M0_Null,marginal_standardized,RL02,2023,4.574710978503383,5.2994238554926,-0.7247128769892175,-0.7867239493768754
P0_Null,M0_Null,marginal_standardized,RL02,2024,5.43372200355424,4.768189360095404,0.6655326434588362,0.7224798762737559
P0_Null,M0_Null,marginal_standardized,RL02,2025,5.030437921392435,5.62720038514626,-0.5967624637538247,NA
P0_Null,M0_Null,marginal_standardized,TV02,1997,0,-1.8596235662471372e-15,1.8596235662471372e-15,2.6969804224298646e-15
P0_Null,M0_Null,marginal_standardized,TV02,1998,NA,NA,NA,NA
P0_Null,M0_Null,marginal_standardized,TV02,1999,NA,NA,NA,NA
P0_Null,M0_Null,marginal_standardized,TV02,2000,NA,NA,NA,NA
P0_Null,M0_Null,marginal_standardized,TV02,2001,NA,NA,NA,NA
P0_Null,M0_Null,marginal_standardized,TV02,2002,0,0.8409875359486216,-0.8409875359486216,-0.545452968727966
P0_Null,M0_Null,marginal_standardized,TV02,2003,NA,NA,NA,NA
P0_Null,M0_Null,marginal_standardized,TV02,2004,NA,NA,NA,NA
P0_Null,M0_Null,marginal_standardized,TV02,2005,0,0.5045925215691729,-0.5045925215691729,-0.4225060528045614
P0_Null,M0_Null,marginal_standardized,TV02,2006,NA,NA,NA,NA
P0_Null,M0_Null,marginal_standardized,TV02,2007,NA,NA,NA,NA
P0_Null,M0_Null,marginal_standardized,TV02,2008,NA,NA,NA,NA
P0_Null,M0_Null,marginal_standardized,TV02,2009,0,0.6727900287588973,-0.6727900287588973,-0.4878679666419195
P0_Null,M0_Null,marginal_standardized,TV02,2010,0,0.16819750718972432,-0.16819750718972432,-0.24393398332095975
P0_Null,M0_Null,marginal_standardized,TV02,2011,NA,NA,NA,NA
P0_Null,M0_Null,marginal_standardized,TV02,2012,0,0.33639501437944863,-0.33639501437944863,-0.34497474753619367
P0_Null,M0_Null,marginal_standardized,TV02,2013,0,0.16819750718972432,-0.16819750718972432,-0.24393398332095975
P0_Null,M0_Null,marginal_standardized,TV02,2014,NA,NA,NA,NA
P0_Null,M0_Null,marginal_standardized,TV02,2015,0.6931471805599453,0.33639501437944863,0.35675216618049665,0.3658511071816461
P0_Null,M0_Null,marginal_standardized,TV02,2016,1.0986122886681098,0.8613446877496695,0.23726760091844024,0.3441051652433696
P0_Null,M0_Null,marginal_standardized,TV02,2017,2.3978952727983707,1.2668097958578342,1.1310854769405365,1.6403940253131695
P0_Null,M0_Null,marginal_standardized,TV02,2018,4.330733340286331,2.566092779988095,1.7646405602982362,2.5592281847419485
P0_Null,M0_Null,marginal_standardized,TV02,2019,4.804021044733257,4.498930847476055,0.30509019725720155,0.44246712292340784
P0_Null,M0_Null,marginal_standardized,TV02,2020,5.442417710521793,4.972218551922981,0.47019915859881234,0.6819218407428288
P0_Null,M0_Null,marginal_standardized,TV02,2021,5.187385805840755,5.610615217711517,-0.42322941187076246,-0.6138024161069696
P0_Null,M0_Null,marginal_standardized,TV02,2022,5.062595033026967,5.355583313030479,-0.2929882800035122,-0.4249159182067814
P0_Null,M0_Null,marginal_standardized,TV02,2023,3.6109179126442243,5.230792540216691,-1.6198746275724667,-2.3492766152508615
P0_Null,M0_Null,marginal_standardized,TV02,2024,4.382026634673881,3.7791154198339485,0.6029112148399327,0.8743918782273647
P0_Null,M0_Null,marginal_standardized,TV02,2025,4.709530201312334,4.550224141863605,0.15930605944872855,NA
P0_Null,M0_Null,marginal_standardized,WG01,1997,NA,NA,NA,NA
P0_Null,M0_Null,marginal_standardized,WG01,1998,NA,NA,NA,NA
P0_Null,M0_Null,marginal_standardized,WG01,1999,0,-1.0824674490095276e-14,1.0824674490095276e-14,8.22729623842888e-15
P0_Null,M0_Null,marginal_standardized,WG01,2000,0,0.17899847500605498,-0.17899847500605498,-0.23564175466242393
P0_Null,M0_Null,marginal_standardized,WG01,2001,0,0.17899847500605495,-0.17899847500605495,-0.2356417546624239
P0_Null,M0_Null,marginal_standardized,WG01,2002,0,0.17899847500605495,-0.17899847500605495,-0.2356417546624239
P0_Null,M0_Null,marginal_standardized,WG01,2003,NA,NA,NA,NA
P0_Null,M0_Null,marginal_standardized,WG01,2004,NA,NA,NA,NA
P0_Null,M0_Null,marginal_standardized,WG01,2005,NA,NA,NA,NA
P0_Null,M0_Null,marginal_standardized,WG01,2006,NA,NA,NA,NA
P0_Null,M0_Null,marginal_standardized,WG01,2007,NA,NA,NA,NA
P0_Null,M0_Null,marginal_standardized,WG01,2008,NA,NA,NA,NA
P0_Null,M0_Null,marginal_standardized,WG01,2009,0,1.2529893250423845,-1.2529893250423845,-0.6234494813396686
P0_Null,M0_Null,marginal_standardized,WG01,2010,0,0.17899847500605498,-0.17899847500605498,-0.23564175466242393
P0_Null,M0_Null,marginal_standardized,WG01,2011,NA,NA,NA,NA
P0_Null,M0_Null,marginal_standardized,WG01,2012,0,0.35799695001210985,-0.35799695001210985,-0.33324776530499334
P0_Null,M0_Null,marginal_standardized,WG01,2013,0,0.1789984750060549,-0.1789984750060549,-0.23564175466242382
P0_Null,M0_Null,marginal_standardized,WG01,2014,0,0.17899847500605495,-0.17899847500605495,-0.2356417546624239
P0_Null,M0_Null,marginal_standardized,WG01,2015,0,0.17899847500605492,-0.17899847500605492,-0.23564175466242387
P0_Null,M0_Null,marginal_standardized,WG01,2016,0,0.17899847500605492,-0.17899847500605492,-0.23564175466242387
P0_Null,M0_Null,marginal_standardized,WG01,2017,2.8903717578961645,0.17899847500605492,2.7113732828901096,3.569375425703653
P0_Null,M0_Null,marginal_standardized,WG01,2018,4.356708826689592,3.0693702329022194,1.2873385937873723,1.6947112263076676
P0_Null,M0_Null,marginal_standardized,WG01,2019,4.709530201312334,4.535707301695647,0.1738228996166873,0.2288283912184225
P0_Null,M0_Null,marginal_standardized,WG01,2020,4.859812404361672,4.888528676318389,-0.028716271956716888,-0.03780340983919124
P0_Null,M0_Null,marginal_standardized,WG01,2021,3.9512437185814275,5.038810879367727,-1.0875671607862993,-1.4317230025129826
P0_Null,M0_Null,marginal_standardized,WG01,2022,4.7535901911063645,4.130242193587483,0.6233479975188816,0.820603728024436
P0_Null,M0_Null,marginal_standardized,WG01,2023,4.31748811353631,4.932588666112419,-0.6151005525761093,-0.80974641542593
P0_Null,M0_Null,marginal_standardized,WG01,2024,4.430816798843313,4.496486588542365,-0.06566978969905168,-0.0864507056413383
P0_Null,M0_Null,marginal_standardized,WG01,2025,4.653960350157523,4.609815273849368,0.044145076308154785,NA
P2_JanMar,P2_Late_Current,marginal_standardized,LS01,1997,NA,NA,NA,NA
P2_JanMar,P2_Late_Current,marginal_standardized,LS01,1998,NA,NA,NA,NA
P2_JanMar,P2_Late_Current,marginal_standardized,LS01,1999,NA,NA,NA,NA
P2_JanMar,P2_Late_Current,marginal_standardized,LS01,2000,NA,NA,NA,NA
P2_JanMar,P2_Late_Current,marginal_standardized,LS01,2001,NA,NA,NA,NA
P2_JanMar,P2_Late_Current,marginal_standardized,LS01,2002,NA,NA,NA,NA
P2_JanMar,P2_Late_Current,marginal_standardized,LS01,2003,3.7612001156935624,3.761200005339542,1.1035402058823252e-7,4.203860988795416e-8
P2_JanMar,P2_Late_Current,marginal_standardized,LS01,2004,4.02535169073515,3.707134011829421,0.3182176789057287,0.320725513798321
P2_JanMar,P2_Late_Current,marginal_standardized,LS01,2005,2.833213344056216,3.77657389024721,-0.943360546190994,-0.9507950561219575
P2_JanMar,P2_Late_Current,marginal_standardized,LS01,2006,3.784189633918261,2.4475134904618274,1.3366761434564336,1.3472103258569312
P2_JanMar,P2_Late_Current,marginal_standardized,LS01,2007,3.332204510175204,3.91761152123825,-0.585407011063046,-0.5900205326428671
P2_JanMar,P2_Late_Current,marginal_standardized,LS01,2008,4.454347296253507,3.4268810683187874,1.02746622793472,1.0355635645322205
P2_JanMar,P2_Late_Current,marginal_standardized,LS01,2009,4.060443010546419,4.712213927284152,-0.6517709167377328,-0.6569074442009228
P2_JanMar,P2_Late_Current,marginal_standardized,LS01,2010,3.091042453358316,4.057599545254474,-0.9665570918961581,-0.9741744109875276
P2_JanMar,P2_Late_Current,marginal_standardized,LS01,2011,4.02535169073515,2.796295618254302,1.2290560724808475,1.238742114168158
P2_JanMar,P2_Late_Current,marginal_standardized,LS01,2012,4.02535169073515,3.7989017070607316,0.22644998367441804,0.22823460850242433
P2_JanMar,P2_Late_Current,marginal_standardized,LS01,2013,3.1780538303479458,3.937793861650726,-0.7597400313027802,-0.7657274502493084
P2_JanMar,P2_Late_Current,marginal_standardized,LS01,2014,2.3978952727983707,3.5196497744292965,-1.1217545016309258,-1.1305949126658705
P2_JanMar,P2_Late_Current,marginal_standardized,LS01,2015,3.4011973816621555,2.437737339649923,0.9634600420122323,0.97105295362948
P2_JanMar,P2_Late_Current,marginal_standardized,LS01,2016,2.4849066497880004,3.5342909187348863,-1.049384268946886,-1.0576543389645303
P2_JanMar,P2_Late_Current,marginal_standardized,LS01,2017,0.6931471805599453,2.0066120264669487,-1.3134648459070033,-1.3238161028896016
P2_JanMar,P2_Late_Current,marginal_standardized,LS01,2018,2.302585092994046,0.8019427993356083,1.5006422936584376,1.5124686733815187
P2_JanMar,P2_Late_Current,marginal_standardized,LS01,2019,0.6931471805599453,2.158222671134045,-1.4650754905740997,-1.4766215726402447
P2_JanMar,P2_Late_Current,marginal_standardized,LS01,2020,2.4849066497880004,0.858419041863927,1.6264876079240733,1.6393057592899805
P2_JanMar,P2_Late_Current,marginal_standardized,LS01,2021,1.3862943611198906,2.2328453468274843,-0.8465509857075937,-0.8532225512460532
P2_JanMar,P2_Late_Current,marginal_standardized,LS01,2022,1.0986122886681098,0.9716996857668277,0.12691260290128203,0.1279127857162659
P2_JanMar,P2_Late_Current,marginal_standardized,LS01,2023,2.0794415416798357,1.004159104391275,1.0752824372885608,1.0837566076266048
P2_JanMar,P2_Late_Current,marginal_standardized,LS01,2024,NA,NA,NA,NA
P2_JanMar,P2_Late_Current,marginal_standardized,LS01,2025,1.9459101490553132,1.6734956596888462,0.27241448936646706,NA
P2_JanMar,P2_Late_Current,marginal_standardized,LS04,1997,NA,NA,NA,NA
P2_JanMar,P2_Late_Current,marginal_standardized,LS04,1998,NA,NA,NA,NA
P2_JanMar,P2_Late_Current,marginal_standardized,LS04,1999,NA,NA,NA,NA
P2_JanMar,P2_Late_Current,marginal_standardized,LS04,2000,NA,NA,NA,NA
P2_JanMar,P2_Late_Current,marginal_standardized,LS04,2001,NA,NA,NA,NA
P2_JanMar,P2_Late_Current,marginal_standardized,LS04,2002,NA,NA,NA,NA
P2_JanMar,P2_Late_Current,marginal_standardized,LS04,2003,1.0986122886681098,1.0986122408614176,4.780669216053468e-8,2.308331898622493e-8
P2_JanMar,P2_Late_Current,marginal_standardized,LS04,2004,NA,NA,NA,NA
P2_JanMar,P2_Late_Current,marginal_standardized,LS04,2005,NA,NA,NA,NA
P2_JanMar,P2_Late_Current,marginal_standardized,LS04,2006,NA,NA,NA,NA
P2_JanMar,P2_Late_Current,marginal_standardized,LS04,2007,NA,NA,NA,NA
P2_JanMar,P2_Late_Current,marginal_standardized,LS04,2008,1.6094379124341003,0.8534399704320542,0.7559979420020461,0.43191092466328207
P2_JanMar,P2_Late_Current,marginal_standardized,LS04,2009,NA,NA,NA,NA
P2_JanMar,P2_Late_Current,marginal_standardized,LS04,2010,0.6931471805599453,1.4699775189036715,-0.7768303383437262,-0.7017295390703395
P2_JanMar,P2_Late_Current,marginal_standardized,LS04,2011,2.0794415416798357,0.6632117098559633,1.4162298318238724,1.8092239004573538
P2_JanMar,P2_Late_Current,marginal_standardized,LS04,2012,0.6931471805599453,2.043069598953508,-1.3499224183935628,-1.7245166344049732
P2_JanMar,P2_Late_Current,marginal_standardized,LS04,2013,1.791759469228055,0.6436856817497132,1.1480737874783418,1.4666563922886855
P2_JanMar,P2_Late_Current,marginal_standardized,LS04,2014,1.9459101490553132,1.7018534082389498,0.24405674081636342,0.3117808131354231
P2_JanMar,P2_Late_Current,marginal_standardized,LS04,2015,1.9459101490553132,1.8844421543572443,0.06146799469806896,0.07852494180108661
P2_JanMar,P2_Late_Current,marginal_standardized,LS04,2016,0.6931471805599453,1.8756538944805805,-1.1825067139206351,-1.5106442197459415
P2_JanMar,P2_Late_Current,marginal_standardized,LS04,2017,0,0.6805097284160168,-0.6805097284160168,-0.8693465124643104
P2_JanMar,P2_Late_Current,marginal_standardized,LS04,2018,0,-0.06796635587447536,0.06796635587447536,0.08682655365106265
P2_JanMar,P2_Late_Current,marginal_standardized,LS04,2019,0,-0.04410808698395437,0.04410808698395437,0.05634777871615019
P2_JanMar,P2_Late_Current,marginal_standardized,LS04,2020,0,-0.07328882312372269,0.07328882312372269,0.09362596907104326
P2_JanMar,P2_Late_Current,marginal_standardized,LS04,2021,0,-0.03395826571794801,0.03395826571794801,0.0433814516361874
P2_JanMar,P2_Late_Current,marginal_standardized,LS04,2022,0,-0.018640700087846913,0.018640700087846913,0.023813366561243516
P2_JanMar,P2_Late_Current,marginal_standardized,LS04,2023,1.3862943611198906,-0.04881166269259141,1.435106023812482,1.8333381063072849
P2_JanMar,P2_Late_Current,marginal_standardized,LS04,2024,NA,NA,NA,NA
P2_JanMar,P2_Late_Current,marginal_standardized,LS04,2025,0,1.309125401151873,-1.309125401151873,NA
P2_JanMar,P2_Late_Current,marginal_standardized,LS05,1997,NA,NA,NA,NA
P2_JanMar,P2_Late_Current,marginal_standardized,LS05,1998,NA,NA,NA,NA
P2_JanMar,P2_Late_Current,marginal_standardized,LS05,1999,NA,NA,NA,NA
P2_JanMar,P2_Late_Current,marginal_standardized,LS05,2000,NA,NA,NA,NA
P2_JanMar,P2_Late_Current,marginal_standardized,LS05,2001,NA,NA,NA,NA
P2_JanMar,P2_Late_Current,marginal_standardized,LS05,2002,NA,NA,NA,NA
P2_JanMar,P2_Late_Current,marginal_standardized,LS05,2003,NA,NA,NA,NA
P2_JanMar,P2_Late_Current,marginal_standardized,LS05,2004,0,7.283485116416077e-7,-7.283485116416077e-7,-2.767959913198331e-7
P2_JanMar,P2_Late_Current,marginal_standardized,LS05,2005,1.3862943611198906,0.3753788691182993,1.0109154920015913,1.086626781445404
P2_JanMar,P2_Late_Current,marginal_standardized,LS05,2006,2.302585092994046,2.0733441376611794,0.22924095533286648,0.24640967859302548
P2_JanMar,P2_Late_Current,marginal_standardized,LS05,2007,1.3862943611198906,1.8079761054208339,-0.4216817443009433,-0.45326308700321766
P2_JanMar,P2_Late_Current,marginal_standardized,LS05,2008,3.295836866004329,0.979880018812656,2.315956847191673,2.489407625802189
P2_JanMar,P2_Late_Current,marginal_standardized,LS05,2009,2.0794415416798357,2.517958636432765,-0.4385170947529291,-0.4713593006045401
P2_JanMar,P2_Late_Current,marginal_standardized,LS05,2010,0,1.89500863703358,-1.89500863703358,-2.0369330100916088
P2_JanMar,P2_Late_Current,marginal_standardized,LS05,2011,0.6931471805599453,0.4800165838406466,0.21313059671929868,0.22909275421438033
P2_JanMar,P2_Late_Current,marginal_standardized,LS05,2012,0,1.017702016813104,-1.017702016813104,-1.0939215748000217
P2_JanMar,P2_Late_Current,marginal_standardized,LS05,2013,2.3978952727983707,0.008399455342068762,2.389495817456302,2.5684542080355306
P2_JanMar,P2_Late_Current,marginal_standardized,LS05,2014,1.0986122886681098,1.429426919982532,-0.33081463131442224,-0.3555905918193929
P2_JanMar,P2_Late_Current,marginal_standardized,LS05,2015,0.6931471805599453,0.817015791779675,-0.1238686112197297,-0.13314560059348174
P2_JanMar,P2_Late_Current,marginal_standardized,LS05,2016,0,0.19928560523474925,-0.19928560523474925,-0.21421085888779126
P2_JanMar,P2_Late_Current,marginal_standardized,LS05,2017,1.0986122886681098,0.897820030482016,0.2007922581860938,0.21583035078422386
P2_JanMar,P2_Late_Current,marginal_standardized,LS05,2018,0,0.6600592196961549,-0.6600592196961549,-0.709493554245253
P2_JanMar,P2_Late_Current,marginal_standardized,LS05,2019,0,0.1377017742489688,-0.1377017742489688,-0.14801478158694895
P2_JanMar,P2_Late_Current,marginal_standardized,LS05,2020,0,-0.5671079756308373,0.5671079756308373,0.60958083951372
P2_JanMar,P2_Late_Current,marginal_standardized,LS05,2021,0,0.38285299159846603,-0.38285299159846603,-0.4115263019697898
P2_JanMar,P2_Late_Current,marginal_standardized,LS05,2022,0,0.7528220543667634,-0.7528220543667634,-0.8092037488890174
P2_JanMar,P2_Late_Current,marginal_standardized,LS05,2023,0,0.02409511255042085,-0.02409511255042085,-0.0258996867753881
P2_JanMar,P2_Late_Current,marginal_standardized,LS05,2024,0,0.3380082567174604,-0.3380082567174604,-0.36332297507048955
P2_JanMar,P2_Late_Current,marginal_standardized,LS05,2025,0,0.2042214643224613,-0.2042214643224613,NA
P2_JanMar,P2_Late_Current,marginal_standardized,LS06,1997,NA,NA,NA,NA
P2_JanMar,P2_Late_Current,marginal_standardized,LS06,1998,NA,NA,NA,NA
P2_JanMar,P2_Late_Current,marginal_standardized,LS06,1999,NA,NA,NA,NA
P2_JanMar,P2_Late_Current,marginal_standardized,LS06,2000,NA,NA,NA,NA
P2_JanMar,P2_Late_Current,marginal_standardized,LS06,2001,NA,NA,NA,NA
P2_JanMar,P2_Late_Current,marginal_standardized,LS06,2002,NA,NA,NA,NA
P2_JanMar,P2_Late_Current,marginal_standardized,LS06,2003,NA,NA,NA,NA
P2_JanMar,P2_Late_Current,marginal_standardized,LS06,2004,NA,NA,NA,NA
P2_JanMar,P2_Late_Current,marginal_standardized,LS06,2005,0,2.7505796721616346e-5,-2.7505796721616346e-5,-8.664048167991355e-6
P2_JanMar,P2_Late_Current,marginal_standardized,LS06,2006,1.3862943611198906,1.5155307861565521,-0.12923642503666155,-0.1221245059260557
P2_JanMar,P2_Late_Current,marginal_standardized,LS06,2007,0,0.5652944902827137,-0.5652944902827137,-0.5341861654631332
P2_JanMar,P2_Late_Current,marginal_standardized,LS06,2008,1.0986122886681098,-0.6466098534271467,1.7452221420952565,1.6491820458058493
P2_JanMar,P2_Late_Current,marginal_standardized,LS06,2009,0,-0.2825046719860318,0.2825046719860318,0.26695835541960755
P2_JanMar,P2_Late_Current,marginal_standardized,LS06,2010,0,-0.20767904689511663,0.20767904689511663,0.19625040684981362
P2_JanMar,P2_Late_Current,marginal_standardized,LS06,2011,3.091042453358316,1.1061576096940215,1.9848848436642945,1.8756560372499766
P2_JanMar,P2_Late_Current,marginal_standardized,LS06,2012,2.3978952727983707,3.889800710329567,-1.4919054375311962,-1.4098054352339724
P2_JanMar,P2_Late_Current,marginal_standardized,LS06,2013,2.0794415416798357,2.571509653799764,-0.4920681121199282,-0.46498945678484976
P2_JanMar,P2_Late_Current,marginal_standardized,LS06,2014,0,0.3214647976396088,-0.3214647976396088,-0.3037744937096477
P2_JanMar,P2_Late_Current,marginal_standardized,LS06,2015,1.3862943611198906,-0.3998036423468463,1.7860980034667369,1.6878084963044442
P2_JanMar,P2_Late_Current,marginal_standardized,LS06,2016,0,0.566772371786187,-0.566772371786187,-0.5355827187055936
P2_JanMar,P2_Late_Current,marginal_standardized,LS06,2017,2.302585092994046,1.932293370136458,0.37029172285758793,0.349914458633953
P2_JanMar,P2_Late_Current,marginal_standardized,LS06,2018,0,1.5924263349174823,-1.5924263349174823,-1.5047946375820063
P2_JanMar,P2_Late_Current,marginal_standardized,LS06,2019,0,0.4292878811025414,-0.4292878811025414,-0.40566404065122463
P2_JanMar,P2_Late_Current,marginal_standardized,LS06,2020,0,-0.9643543766742353,0.9643543766742353,0.9112856669902565
P2_JanMar,P2_Late_Current,marginal_standardized,LS06,2021,0,0.9140330142422889,-0.9140330142422889,-0.8637335041786954
P2_JanMar,P2_Late_Current,marginal_standardized,LS06,2022,2.772588722239781,1.6455843584623369,1.1270043637774443,1.0649849766719028
P2_JanMar,P2_Late_Current,marginal_standardized,LS06,2023,3.1354942159291497,2.977238614814146,0.15825560111500359,0.1495467480682644
P2_JanMar,P2_Late_Current,marginal_standardized,LS06,2024,1.9459101490553132,3.960854339962948,-2.0149441909076344,-1.9040612096269691
P2_JanMar,P2_Late_Current,marginal_standardized,LS06,2025,2.3978952727983707,2.5067294839671175,-0.10883421116874681,NA
P2_JanMar,P2_Late_Current,marginal_standardized,LS07,1997,NA,NA,NA,NA
P2_JanMar,P2_Late_Current,marginal_standardized,LS07,1998,NA,NA,NA,NA
P2_JanMar,P2_Late_Current,marginal_standardized,LS07,1999,NA,NA,NA,NA
P2_JanMar,P2_Late_Current,marginal_standardized,LS07,2000,NA,NA,NA,NA
P2_JanMar,P2_Late_Current,marginal_standardized,LS07,2001,NA,NA,NA,NA
P2_JanMar,P2_Late_Current,marginal_standardized,LS07,2002,NA,NA,NA,NA
P2_JanMar,P2_Late_Current,marginal_standardized,LS07,2003,NA,NA,NA,NA
P2_JanMar,P2_Late_Current,marginal_standardized,LS07,2004,0,7.618251355867577e-7,-7.618251355867577e-7,-1.8875610005003081e-7
P2_JanMar,P2_Late_Current,marginal_standardized,LS07,2005,0,0.37137612870686443,-0.37137612870686443,-0.26025835250531915
P2_JanMar,P2_Late_Current,marginal_standardized,LS07,2006,0,0.5359032594702273,-0.5359032594702273,-0.3755580626509289
P2_JanMar,P2_Late_Current,marginal_standardized,LS07,2007,NA,NA,NA,NA
P2_JanMar,P2_Late_Current,marginal_standardized,LS07,2008,0,-0.12920208068467,0.12920208068467,0.06402435343539653
P2_JanMar,P2_Late_Current,marginal_standardized,LS07,2009,1.791759469228055,-0.23741371006500334,2.0291731792930583,1.4220334258684701
P2_JanMar,P2_Late_Current,marginal_standardized,LS07,2010,1.3862943611198906,1.8676180417196702,-0.4813236805997796,-0.3373089933671327
P2_JanMar,P2_Late_Current,marginal_standardized,LS07,2011,3.7612001156935624,1.8129074162221295,1.948292699471433,1.3653528295643629
P2_JanMar,P2_Late_Current,marginal_standardized,LS07,2012,4.343805421853684,4.105746880151244,0.2380585417024399,0.16683011931604175
P2_JanMar,P2_Late_Current,marginal_standardized,LS07,2013,4.07753744390572,4.521457758702488,-0.4439203147967685,-0.31109691992035193
P2_JanMar,P2_Late_Current,marginal_standardized,LS07,2014,1.791759469228055,3.739513617906286,-1.9477541486782308,-1.364975416124605
P2_JanMar,P2_Late_Current,marginal_standardized,LS07,2015,3.091042453358316,1.8163266100668234,1.2747158432914927,0.8933138660329317
P2_JanMar,P2_Late_Current,marginal_standardized,LS07,2016,2.1972245773362196,3.0035575435093262,-0.8063329661731067,-0.5650737167131799
P2_JanMar,P2_Late_Current,marginal_standardized,LS07,2017,2.0794415416798357,2.8443907885456996,-0.7649492468658639,-0.536072233378889
P2_JanMar,P2_Late_Current,marginal_standardized,LS07,2018,1.3862943611198906,2.021153292925544,-0.6348589318056532,-0.4449056546535436
P2_JanMar,P2_Late_Current,marginal_standardized,LS07,2019,0,1.632203757014406,-1.632203757014406,-1.1438394337102422
P2_JanMar,P2_Late_Current,marginal_standardized,LS07,2020,2.1972245773362196,-0.12615075832575062,2.32337533566197,1.628208682169132
P2_JanMar,P2_Late_Current,marginal_standardized,LS07,2021,0,2.5725462007856104,-2.5725462007856104,-1.8028262567429418
P2_JanMar,P2_Late_Current,marginal_standardized,LS07,2022,3.6635616461296463,0.5706236132044622,3.092938032925184,2.1675139962631444
P2_JanMar,P2_Late_Current,marginal_standardized,LS07,2023,3.4339872044851463,3.8494995219377564,-0.4155123174526101,-0.29118875131374244
P2_JanMar,P2_Late_Current,marginal_standardized,LS07,2024,2.4849066497880004,3.7856358594793766,-1.3007292096913763,-0.9115438904179799
P2_JanMar,P2_Late_Current,marginal_standardized,LS07,2025,3.6375861597263857,2.765930948891004,0.8716552108353817,NA
P2_JanMar,P2_Late_Current,marginal_standardized,LS08,1997,NA,NA,NA,NA
P2_JanMar,P2_Late_Current,marginal_standardized,LS08,1998,NA,NA,NA,NA
P2_JanMar,P2_Late_Current,marginal_standardized,LS08,1999,NA,NA,NA,NA
P2_JanMar,P2_Late_Current,marginal_standardized,LS08,2000,NA,NA,NA,NA
P2_JanMar,P2_Late_Current,marginal_standardized,LS08,2001,NA,NA,NA,NA
P2_JanMar,P2_Late_Current,marginal_standardized,LS08,2002,NA,NA,NA,NA
P2_JanMar,P2_Late_Current,marginal_standardized,LS08,2003,NA,NA,NA,NA
P2_JanMar,P2_Late_Current,marginal_standardized,LS08,2004,NA,NA,NA,NA
P2_JanMar,P2_Late_Current,marginal_standardized,LS08,2005,NA,NA,NA,NA
P2_JanMar,P2_Late_Current,marginal_standardized,LS08,2006,NA,NA,NA,NA
P2_JanMar,P2_Late_Current,marginal_standardized,LS08,2007,NA,NA,NA,NA
P2_JanMar,P2_Late_Current,marginal_standardized,LS08,2008,1.6094379124341003,1.609782372776291,-3.444603421907111e-4,-5.493070265880221e-5
P2_JanMar,P2_Late_Current,marginal_standardized,LS08,2009,2.6390573296152584,0.6545771852143258,1.9844801444009326,1.0962593405156793
P2_JanMar,P2_Late_Current,marginal_standardized,LS08,2010,0,2.398440525793699,-2.398440525793699,-1.3249378364863442
P2_JanMar,P2_Late_Current,marginal_standardized,LS08,2011,4.189654742026425,0.5590845159530202,3.630570226073405,2.005586467045541
P2_JanMar,P2_Late_Current,marginal_standardized,LS08,2012,2.3978952727983707,4.561632537492253,-2.163737264693882,-1.1952839102648571
P2_JanMar,P2_Late_Current,marginal_standardized,LS08,2013,2.9444389791664403,2.3893627665041923,0.5550762126622479,0.3066331928520004
P2_JanMar,P2_Late_Current,marginal_standardized,LS08,2014,0,1.7601926090416962,-1.7601926090416962,-0.9723592318184324
P2_JanMar,P2_Late_Current,marginal_standardized,LS08,2015,2.3978952727983707,-0.35755850412605295,2.7554537769244236,1.5221578048212123
P2_JanMar,P2_Late_Current,marginal_standardized,LS08,2016,1.6094379124341003,1.7848641310840379,-0.17542621864993757,-0.09690831692568762
P2_JanMar,P2_Late_Current,marginal_standardized,LS08,2017,2.6390573296152584,2.6713717396964443,-0.03231441008118585,-0.017851009487146054
P2_JanMar,P2_Late_Current,marginal_standardized,LS08,2018,1.791759469228055,2.0925930019204078,-0.3008335326923528,-0.16618537156181876
P2_JanMar,P2_Late_Current,marginal_standardized,LS08,2019,0.6931471805599453,1.9388493794929342,-1.2457021989329888,-0.6881463011530689
P2_JanMar,P2_Late_Current,marginal_standardized,LS08,2020,0,-0.008040012153158083,0.008040012153158083,0.004441434420811423
P2_JanMar,P2_Late_Current,marginal_standardized,LS08,2021,1.3862943611198906,0.44214281564852453,0.944151545471366,0.5215647803307961
P2_JanMar,P2_Late_Current,marginal_standardized,LS08,2022,2.0794415416798357,2.273715189466296,-0.1942736477864604,-0.10731994552974089
P2_JanMar,P2_Late_Current,marginal_standardized,LS08,2023,3.4965075614664802,2.089799617742537,1.4067079437239434,0.7770885120901554
P2_JanMar,P2_Late_Current,marginal_standardized,LS08,2024,0,3.8846772846667768,-3.8846772846667768,-2.1459593688656504
P2_JanMar,P2_Late_Current,marginal_standardized,LS08,2025,1.0986122886681098,0.22714999739641806,0.8714622912716917,NA
P2_JanMar,P2_Late_Current,marginal_standardized,LS11,1997,NA,NA,NA,NA
P2_JanMar,P2_Late_Current,marginal_standardized,LS11,1998,NA,NA,NA,NA
P2_JanMar,P2_Late_Current,marginal_standardized,LS11,1999,NA,NA,NA,NA
P2_JanMar,P2_Late_Current,marginal_standardized,LS11,2000,NA,NA,NA,NA
P2_JanMar,P2_Late_Current,marginal_standardized,LS11,2001,NA,NA,NA,NA
P2_JanMar,P2_Late_Current,marginal_standardized,LS11,2002,NA,NA,NA,NA
P2_JanMar,P2_Late_Current,marginal_standardized,LS11,2003,NA,NA,NA,NA
P2_JanMar,P2_Late_Current,marginal_standardized,LS11,2004,NA,NA,NA,NA
P2_JanMar,P2_Late_Current,marginal_standardized,LS11,2005,NA,NA,NA,NA
P2_JanMar,P2_Late_Current,marginal_standardized,LS11,2006,NA,NA,NA,NA
P2_JanMar,P2_Late_Current,marginal_standardized,LS11,2007,NA,NA,NA,NA
P2_JanMar,P2_Late_Current,marginal_standardized,LS11,2008,3.044522437723423,3.0444649588927564,5.7478830666646274e-5,1.2625195983941922e-5
P2_JanMar,P2_Late_Current,marginal_standardized,LS11,2009,NA,NA,NA,NA
P2_JanMar,P2_Late_Current,marginal_standardized,LS11,2010,2.5649493574615367,1.8280249097704189,0.7369244476911179,0.39648685544598783
P2_JanMar,P2_Late_Current,marginal_standardized,LS11,2011,4.6913478822291435,3.046051378192855,1.6452965040362884,1.2518866323158337
P2_JanMar,P2_Late_Current,marginal_standardized,LS11,2012,4.574710978503383,4.996256307922181,-0.4215453294187981,-0.32074885075117643
P2_JanMar,P2_Late_Current,marginal_standardized,LS11,2013,4.51085950651685,4.521302621979152,-0.010443115462302366,-0.007946042925949578
P2_JanMar,P2_Late_Current,marginal_standardized,LS11,2014,4.31748811353631,3.3503115888626667,0.9671765246736435,0.7359131678443743
P2_JanMar,P2_Late_Current,marginal_standardized,LS11,2015,5.123963979403259,3.9354109354983673,1.1885530439048915,0.9043559405934349
P2_JanMar,P2_Late_Current,marginal_standardized,LS11,2016,4.718498871295094,4.501314777370743,0.21718409392435145,0.16525280596446543
P2_JanMar,P2_Late_Current,marginal_standardized,LS11,2017,4.330733340286331,5.673121178691786,-1.3423878384054548,-1.021407014577885
P2_JanMar,P2_Late_Current,marginal_standardized,LS11,2018,2.0794415416798357,3.770768398027049,-1.6913268563472132,-1.2869105824655291
P2_JanMar,P2_Late_Current,marginal_standardized,LS11,2019,4.110873864173311,2.1725788194903273,1.938295044682984,1.4748257532729372
P2_JanMar,P2_Late_Current,marginal_standardized,LS11,2020,0,3.4052103721708384,-3.4052103721708384,-2.5909842600929
P2_JanMar,P2_Late_Current,marginal_standardized,LS11,2021,0,0.37098102383239184,-0.37098102383239184,-0.28227506922871926
P2_JanMar,P2_Late_Current,marginal_standardized,LS11,2022,0,0.7902878966398347,-0.7902878966398347,-0.6013207048439613
P2_JanMar,P2_Late_Current,marginal_standardized,LS11,2023,1.0986122886681098,-0.03561958010209665,1.1342318687702064,0.8630236015068508
P2_JanMar,P2_Late_Current,marginal_standardized,LS11,2024,NA,NA,NA,NA
P2_JanMar,P2_Late_Current,marginal_standardized,LS11,2025,1.791759469228055,1.5872960434653702,0.20446342576268473,NA
P2_JanMar,P2_Late_Current,marginal_standardized,MC01,1997,NA,NA,NA,NA
P2_JanMar,P2_Late_Current,marginal_standardized,MC01,1998,NA,NA,NA,NA
P2_JanMar,P2_Late_Current,marginal_standardized,MC01,1999,0,-8.881784197001252e-16,8.881784197001252e-16,3.647881183941861e-16
P2_JanMar,P2_Late_Current,marginal_standardized,MC01,2000,NA,NA,NA,NA
P2_JanMar,P2_Late_Current,marginal_standardized,MC01,2001,3.332204510175204,0.021527642747934284,3.3106768674272695,1.6653399150683366
P2_JanMar,P2_Late_Current,marginal_standardized,MC01,2002,4.454347296253507,3.1447106770841047,1.3096366191694027,0.9316481050369377
P2_JanMar,P2_Late_Current,marginal_standardized,MC01,2003,4.0943445622221,4.444998022246961,-0.3506534600248603,-0.24944753893946336
P2_JanMar,P2_Late_Current,marginal_standardized,MC01,2004,3.713572066704308,4.167171649341654,-0.453599582637346,-0.32268125785734936
P2_JanMar,P2_Late_Current,marginal_standardized,MC01,2005,3.6888794541139363,3.4772321448319605,0.21164730928197573,0.15056147006165368
P2_JanMar,P2_Late_Current,marginal_standardized,MC01,2006,3.4657359027997265,3.2427886804162274,0.22294722238349918,0.15859999194934585
P2_JanMar,P2_Late_Current,marginal_standardized,MC01,2007,3.58351893845611,3.8506032982512552,-0.26708435979514533,-0.1899982285513388
P2_JanMar,P2_Late_Current,marginal_standardized,MC01,2008,4.276666119016055,3.8396625234723483,0.43700359554370705,0.3108752196779861
P2_JanMar,P2_Late_Current,marginal_standardized,MC01,2009,2.5649493574615367,4.8074971209433155,-2.2425477634817788,-1.5953015849752852
P2_JanMar,P2_Late_Current,marginal_standardized,MC01,2010,0,2.6268579070888114,-2.6268579070888114,-1.8686917848194546
P2_JanMar,P2_Late_Current,marginal_standardized,MC01,2011,3.9512437185814275,-0.2472584593646281,4.198502177946056,2.9867266544193503
P2_JanMar,P2_Late_Current,marginal_standardized,MC01,2012,2.995732273553991,4.001659070848409,-1.0059267972944181,-0.7155952886378452
P2_JanMar,P2_Late_Current,marginal_standardized,MC01,2013,3.58351893845611,3.0133920133441348,0.5701269251119752,0.4055763725879767
P2_JanMar,P2_Late_Current,marginal_standardized,MC01,2014,3.6888794541139363,4.273530723823438,-0.5846512697095014,-0.4159086876157672
P2_JanMar,P2_Late_Current,marginal_standardized,MC01,2015,4.5217885770490405,3.7645798405735635,0.7572087364754769,0.5386624611200957
P2_JanMar,P2_Late_Current,marginal_standardized,MC01,2016,4.219507705176107,4.879072298835864,-0.6595645936597574,-0.469200459759813
P2_JanMar,P2_Late_Current,marginal_standardized,MC01,2017,3.044522437723423,3.6004443112059774,-0.5559218734825544,-0.3954711959009541
P2_JanMar,P2_Late_Current,marginal_standardized,MC01,2018,4.564348191467836,3.3943355812260565,1.1700126102417796,0.8323225047665512
P2_JanMar,P2_Late_Current,marginal_standardized,MC01,2019,3.295836866004329,4.428573746498058,-1.132736880493729,-0.8058053300973934
P2_JanMar,P2_Late_Current,marginal_standardized,MC01,2020,4.820281565605037,3.765179262054017,1.05510230355102,0.7505777154786979
P2_JanMar,P2_Late_Current,marginal_standardized,MC01,2021,3.9512437185814275,4.517855758910999,-0.5666120403295714,-0.40307595705360766
P2_JanMar,P2_Late_Current,marginal_standardized,MC01,2022,0.6931471805599453,3.2511532832212273,-2.558006102661282,-1.8197120509113083
P2_JanMar,P2_Late_Current,marginal_standardized,MC01,2023,0,0.4941601501085514,-0.4941601501085514,-0.3515351973934455
P2_JanMar,P2_Late_Current,marginal_standardized,MC01,2024,0,-0.26334893566903844,0.26334893566903844,0.1873409259395625
P2_JanMar,P2_Late_Current,marginal_standardized,MC01,2025,0,0.00789052203389394,-0.00789052203389394,NA
P2_JanMar,P2_Late_Current,marginal_standardized,RC07,1997,NA,NA,NA,NA
P2_JanMar,P2_Late_Current,marginal_standardized,RC07,1998,NA,NA,NA,NA
P2_JanMar,P2_Late_Current,marginal_standardized,RC07,1999,NA,NA,NA,NA
P2_JanMar,P2_Late_Current,marginal_standardized,RC07,2000,NA,NA,NA,NA
P2_JanMar,P2_Late_Current,marginal_standardized,RC07,2001,NA,NA,NA,NA
P2_JanMar,P2_Late_Current,marginal_standardized,RC07,2002,NA,NA,NA,NA
P2_JanMar,P2_Late_Current,marginal_standardized,RC07,2003,NA,NA,NA,NA
P2_JanMar,P2_Late_Current,marginal_standardized,RC07,2004,NA,NA,NA,NA
P2_JanMar,P2_Late_Current,marginal_standardized,RC07,2005,NA,NA,NA,NA
P2_JanMar,P2_Late_Current,marginal_standardized,RC07,2006,NA,NA,NA,NA
P2_JanMar,P2_Late_Current,marginal_standardized,RC07,2007,NA,NA,NA,NA
P2_JanMar,P2_Late_Current,marginal_standardized,RC07,2008,0,1.0573361184285092e-4,-1.0573361184285092e-4,-4.68945496073212e-5
P2_JanMar,P2_Late_Current,marginal_standardized,RC07,2009,0,0.6793330035910107,-0.6793330035910107,-1.0437167142199635
P2_JanMar,P2_Late_Current,marginal_standardized,RC07,2010,0,0.1332327418039854,-0.1332327418039854,-0.20469672276645515
P2_JanMar,P2_Late_Current,marginal_standardized,RC07,2011,0,-0.16946556442297322,0.16946556442297322,0.26036427074498997
P2_JanMar,P2_Late_Current,marginal_standardized,RC07,2012,1.6094379124341003,0.2733442800733359,1.3360936323607644,2.052753581066035
P2_JanMar,P2_Late_Current,marginal_standardized,RC07,2013,3.7612001156935624,1.922950688120493,1.8382494275730694,2.824257974103057
P2_JanMar,P2_Late_Current,marginal_standardized,RC07,2014,3.912023005428146,4.461095563467447,-0.5490725580393012,-0.8435865814200123
P2_JanMar,P2_Late_Current,marginal_standardized,RC07,2015,4.219507705176107,4.220753817351079,-0.0012461121749716142,-0.0019145074623724279
P2_JanMar,P2_Late_Current,marginal_standardized,RC07,2016,4.77912349311153,4.783117185691408,-0.00399369257987825,-0.006135847478396135
P2_JanMar,P2_Late_Current,marginal_standardized,RC07,2017,4.875197323201151,4.399251523096357,0.47594580010479426,0.7312357621465349
P2_JanMar,P2_Late_Current,marginal_standardized,RC07,2018,5.176149732573829,5.415853377651849,-0.2397036450780199,-0.36827697094781603
P2_JanMar,P2_Late_Current,marginal_standardized,RC07,2019,4.553876891600541,5.114278352828684,-0.5604014612281434,-0.8609921329675904
P2_JanMar,P2_Late_Current,marginal_standardized,RC07,2020,5.003946305945459,5.005588420050899,-0.001642114105440129,-0.0025229187003198697
P2_JanMar,P2_Late_Current,marginal_standardized,RC07,2021,4.060443010546419,4.742667037264072,-0.6822240267176527,-1.0481584374139234
P2_JanMar,P2_Late_Current,marginal_standardized,RC07,2022,4.07753744390572,4.140117758199663,-0.0625803142939434,-0.09614742646752149
P2_JanMar,P2_Late_Current,marginal_standardized,RC07,2023,3.7376696182833684,4.198337079924712,-0.4606674616413433,-0.7077623593595066
P2_JanMar,P2_Late_Current,marginal_standardized,RC07,2024,2.9444389791664403,3.5366430930215653,-0.5922041138551251,-0.9098532363261075
P2_JanMar,P2_Late_Current,marginal_standardized,RC07,2025,3.044522437723423,2.8978698834643652,0.14665255425905777,NA
P2_JanMar,P2_Late_Current,marginal_standardized,RC10,1997,NA,NA,NA,NA
P2_JanMar,P2_Late_Current,marginal_standardized,RC10,1998,NA,NA,NA,NA
P2_JanMar,P2_Late_Current,marginal_standardized,RC10,1999,NA,NA,NA,NA
P2_JanMar,P2_Late_Current,marginal_standardized,RC10,2000,NA,NA,NA,NA
P2_JanMar,P2_Late_Current,marginal_standardized,RC10,2001,NA,NA,NA,NA
P2_JanMar,P2_Late_Current,marginal_standardized,RC10,2002,NA,NA,NA,NA
P2_JanMar,P2_Late_Current,marginal_standardized,RC10,2003,NA,NA,NA,NA
P2_JanMar,P2_Late_Current,marginal_standardized,RC10,2004,NA,NA,NA,NA
P2_JanMar,P2_Late_Current,marginal_standardized,RC10,2005,NA,NA,NA,NA
P2_JanMar,P2_Late_Current,marginal_standardized,RC10,2006,NA,NA,NA,NA
P2_JanMar,P2_Late_Current,marginal_standardized,RC10,2007,NA,NA,NA,NA
P2_JanMar,P2_Late_Current,marginal_standardized,RC10,2008,NA,NA,NA,NA
P2_JanMar,P2_Late_Current,marginal_standardized,RC10,2009,0,5.949430120821831e-5,-5.949430120821831e-5,-1.5935505710380692e-5
P2_JanMar,P2_Late_Current,marginal_standardized,RC10,2010,0,0.004352638717199132,-0.004352638717199132,-0.004203536079739357
P2_JanMar,P2_Late_Current,marginal_standardized,RC10,2011,0,0.09476490269354614,-0.09476490269354614,-0.09151866567543704
P2_JanMar,P2_Late_Current,marginal_standardized,RC10,2012,0.6931471805599453,-0.03749695582477508,0.7306441363847204,0.7056154182076272
P2_JanMar,P2_Late_Current,marginal_standardized,RC10,2013,1.0986122886681098,0.643652388757266,0.45495989991084373,0.4393749351520885
P2_JanMar,P2_Late_Current,marginal_standardized,RC10,2014,0,0.9337097412684507,-0.9337097412684507,-0.9017248709195982
P2_JanMar,P2_Late_Current,marginal_standardized,RC10,2015,0,-0.04806647799578548,0.04806647799578548,0.046419927682695025
P2_JanMar,P2_Late_Current,marginal_standardized,RC10,2016,1.0986122886681098,-0.1241956039031995,1.2228078925713093,1.1809197659118251
P2_JanMar,P2_Late_Current,marginal_standardized,RC10,2017,1.6094379124341003,1.256222998864962,0.35321491356913826,0.3411152934019091
P2_JanMar,P2_Late_Current,marginal_standardized,RC10,2018,0,1.4920982148039887,-1.4920982148039887,-1.4409853626627807
P2_JanMar,P2_Late_Current,marginal_standardized,RC10,2019,1.0986122886681098,0.06262784203844651,1.0359844466296633,1.000496085799388
P2_JanMar,P2_Late_Current,marginal_standardized,RC10,2020,0.6931471805599453,1.007839227846214,-0.31469204728626876,-0.3039120544390351
P2_JanMar,P2_Late_Current,marginal_standardized,RC10,2021,0.6931471805599453,0.8153357083458431,-0.12218852778589784,-0.11800287560019844
P2_JanMar,P2_Late_Current,marginal_standardized,RC10,2022,0,0.7134969339143495,-0.7134969339143495,-0.6890556049692839
P2_JanMar,P2_Late_Current,marginal_standardized,RC10,2023,2.302585092994046,0.008066254615121782,2.294518838378924,2.215918515050553
P2_JanMar,P2_Late_Current,marginal_standardized,RC10,2024,0,2.406776866813088,-2.406776866813088,-2.3243310673946778
P2_JanMar,P2_Late_Current,marginal_standardized,RC10,2025,0,0.058057237856387736,-0.058057237856387736,NA
P2_JanMar,P2_Late_Current,marginal_standardized,RC11,1997,NA,NA,NA,NA
P2_JanMar,P2_Late_Current,marginal_standardized,RC11,1998,NA,NA,NA,NA
P2_JanMar,P2_Late_Current,marginal_standardized,RC11,1999,NA,NA,NA,NA
P2_JanMar,P2_Late_Current,marginal_standardized,RC11,2000,NA,NA,NA,NA
P2_JanMar,P2_Late_Current,marginal_standardized,RC11,2001,NA,NA,NA,NA
P2_JanMar,P2_Late_Current,marginal_standardized,RC11,2002,NA,NA,NA,NA
P2_JanMar,P2_Late_Current,marginal_standardized,RC11,2003,NA,NA,NA,NA
P2_JanMar,P2_Late_Current,marginal_standardized,RC11,2004,NA,NA,NA,NA
P2_JanMar,P2_Late_Current,marginal_standardized,RC11,2005,NA,NA,NA,NA
P2_JanMar,P2_Late_Current,marginal_standardized,RC11,2006,NA,NA,NA,NA
P2_JanMar,P2_Late_Current,marginal_standardized,RC11,2007,NA,NA,NA,NA
P2_JanMar,P2_Late_Current,marginal_standardized,RC11,2008,NA,NA,NA,NA
P2_JanMar,P2_Late_Current,marginal_standardized,RC11,2009,NA,NA,NA,NA
P2_JanMar,P2_Late_Current,marginal_standardized,RC11,2010,NA,NA,NA,NA
P2_JanMar,P2_Late_Current,marginal_standardized,RC11,2011,0,0.0030518911738622034,-0.0030518911738622034,-6.742000320387382e-4
P2_JanMar,P2_Late_Current,marginal_standardized,RC11,2012,0,0.16199362421408242,-0.16199362421408242,-0.13860001488862514
P2_JanMar,P2_Late_Current,marginal_standardized,RC11,2013,0,0.175496833043069,-0.175496833043069,-0.15015321615701838
P2_JanMar,P2_Late_Current,marginal_standardized,RC11,2014,0,0.3053848417790337,-0.3053848417790337,-0.261284009310133
P2_JanMar,P2_Late_Current,marginal_standardized,RC11,2015,1.791759469228055,0.17388930818247506,1.61787016104558,1.3842324319655932
P2_JanMar,P2_Late_Current,marginal_standardized,RC11,2016,2.302585092994046,2.0513298524801704,0.2512552405138755,0.21497130053740052
P2_JanMar,P2_Late_Current,marginal_standardized,RC11,2017,2.1972245773362196,2.2449908212510388,-0.047766243914819206,-0.04086828818039443
P2_JanMar,P2_Late_Current,marginal_standardized,RC11,2018,0.6931471805599453,2.4490788412574855,-1.7559316606975401,-1.5023563766587458
P2_JanMar,P2_Late_Current,marginal_standardized,RC11,2019,2.5649493574615367,0.7424533120464145,1.8224960454151222,1.5593081533577884
P2_JanMar,P2_Late_Current,marginal_standardized,RC11,2020,3.1354942159291497,2.7869036589757616,0.34859055695338803,0.298250357803734
P2_JanMar,P2_Late_Current,marginal_standardized,RC11,2021,1.0986122886681098,3.1177665607288647,-2.0191542720607547,-1.7275668318909265
P2_JanMar,P2_Late_Current,marginal_standardized,RC11,2022,2.8903717578961645,1.1955011560281505,1.694870601868014,1.4501131868175012
P2_JanMar,P2_Late_Current,marginal_standardized,RC11,2023,1.3862943611198906,3.0010853390573105,-1.6147909779374199,-1.38159791578197
P2_JanMar,P2_Late_Current,marginal_standardized,RC11,2024,0.6931471805599453,1.388821519163085,-0.6956743386031398,-0.5952115347490793
P2_JanMar,P2_Late_Current,marginal_standardized,RC11,2025,1.791759469228055,0.7475973916003142,1.0441620776277407,NA
P2_JanMar,P2_Late_Current,marginal_standardized,RL02,1997,NA,NA,NA,NA
P2_JanMar,P2_Late_Current,marginal_standardized,RL02,1998,NA,NA,NA,NA
P2_JanMar,P2_Late_Current,marginal_standardized,RL02,1999,0,5.551115123125783e-17,-5.551115123125783e-17,-3.537521223682235e-17
P2_JanMar,P2_Late_Current,marginal_standardized,RL02,2000,NA,NA,NA,NA
P2_JanMar,P2_Late_Current,marginal_standardized,RL02,2001,NA,NA,NA,NA
P2_JanMar,P2_Late_Current,marginal_standardized,RL02,2002,NA,NA,NA,NA
P2_JanMar,P2_Late_Current,marginal_standardized,RL02,2003,NA,NA,NA,NA
P2_JanMar,P2_Late_Current,marginal_standardized,RL02,2004,NA,NA,NA,NA
P2_JanMar,P2_Late_Current,marginal_standardized,RL02,2005,1.6094379124341003,1.291173807693793,0.3182641047403072,0.143413977823814
P2_JanMar,P2_Late_Current,marginal_standardized,RL02,2006,2.0794415416798357,2.053282053236304,0.026159488443531664,0.028874115829163303
P2_JanMar,P2_Late_Current,marginal_standardized,RL02,2007,1.0986122886681098,2.123041538029646,-1.0244292493615361,-1.1307365153068119
P2_JanMar,P2_Late_Current,marginal_standardized,RL02,2008,2.5649493574615367,1.1667656780367395,1.3981836794247973,1.5432762608222852
P2_JanMar,P2_Late_Current,marginal_standardized,RL02,2009,1.791759469228055,2.509620634366592,-0.7178611651385371,-0.7923551898276309
P2_JanMar,P2_Late_Current,marginal_standardized,RL02,2010,2.1972245773362196,1.988162620190125,0.20906195714609455,0.2307567741295232
P2_JanMar,P2_Late_Current,marginal_standardized,RL02,2011,3.258096538021482,2.5152027811099162,0.7428937569115659,0.8199854684517266
P2_JanMar,P2_Late_Current,marginal_standardized,RL02,2012,2.302585092994046,3.3801243625576163,-1.0775392695635704,-1.1893578785767012
P2_JanMar,P2_Late_Current,marginal_standardized,RL02,2013,1.791759469228055,2.422705857878233,-0.630946388650178,-0.6964210767042814
P2_JanMar,P2_Late_Current,marginal_standardized,RL02,2014,2.833213344056216,1.692806756594821,1.1404065874613951,1.2587490756855066
P2_JanMar,P2_Late_Current,marginal_standardized,RL02,2015,3.2188758248682006,2.939269544007294,0.2796062808609068,0.30862163675588455
P2_JanMar,P2_Late_Current,marginal_standardized,RL02,2016,2.0794415416798357,3.199781235160251,-1.1203396934804153,-1.2365997961845299
P2_JanMar,P2_Late_Current,marginal_standardized,RL02,2017,4.31748811353631,2.5194715631781457,1.7980165503581644,1.9846006641093679
P2_JanMar,P2_Late_Current,marginal_standardized,RL02,2018,6.066108090103747,4.319847944912765,1.7462601451909823,1.9274733834699085
P2_JanMar,P2_Late_Current,marginal_standardized,RL02,2019,5.389071729816501,6.359294518402132,-0.9702227885856312,-1.070904931424311
P2_JanMar,P2_Late_Current,marginal_standardized,RL02,2020,5.389071729816501,5.413124364733854,-0.024052634917352655,-0.026548629500128613
P2_JanMar,P2_Late_Current,marginal_standardized,RL02,2021,5.765191102784844,5.769029372278478,-0.0038382694936336392,-0.0042365751219468235
P2_JanMar,P2_Late_Current,marginal_standardized,RL02,2022,5.10594547390058,6.204744359370167,-1.098798885469587,-1.2128236513680506
P2_JanMar,P2_Late_Current,marginal_standardized,RL02,2023,4.574710978503383,5.334530256489257,-0.7598192779858746,-0.8386673879022338
P2_JanMar,P2_Late_Current,marginal_standardized,RL02,2024,5.43372200355424,4.959197887638734,0.47452411591550625,0.5237665222793583
P2_JanMar,P2_Late_Current,marginal_standardized,RL02,2025,5.030437921392435,5.735966965199373,-0.7055290438069379,NA
P2_JanMar,P2_Late_Current,marginal_standardized,TV02,1997,0,-1.3877787807814457e-17,1.3877787807814457e-17,2.0277549426968018e-17
P2_JanMar,P2_Late_Current,marginal_standardized,TV02,1998,NA,NA,NA,NA
P2_JanMar,P2_Late_Current,marginal_standardized,TV02,1999,NA,NA,NA,NA
P2_JanMar,P2_Late_Current,marginal_standardized,TV02,2000,NA,NA,NA,NA
P2_JanMar,P2_Late_Current,marginal_standardized,TV02,2001,NA,NA,NA,NA
P2_JanMar,P2_Late_Current,marginal_standardized,TV02,2002,0,0.6216582798601951,-0.6216582798601951,-0.40622060260674064
P2_JanMar,P2_Late_Current,marginal_standardized,TV02,2003,NA,NA,NA,NA
P2_JanMar,P2_Late_Current,marginal_standardized,TV02,2004,NA,NA,NA,NA
P2_JanMar,P2_Late_Current,marginal_standardized,TV02,2005,0,0.49360758256765963,-0.49360758256765963,-0.41640546533394107
P2_JanMar,P2_Late_Current,marginal_standardized,TV02,2006,NA,NA,NA,NA
P2_JanMar,P2_Late_Current,marginal_standardized,TV02,2007,NA,NA,NA,NA
P2_JanMar,P2_Late_Current,marginal_standardized,TV02,2008,NA,NA,NA,NA
P2_JanMar,P2_Late_Current,marginal_standardized,TV02,2009,0,0.8574176273899432,-0.8574176273899432,-0.6264084939086306
P2_JanMar,P2_Late_Current,marginal_standardized,TV02,2010,0,0.16695456302135864,-0.16695456302135864,-0.24394589761756857
P2_JanMar,P2_Late_Current,marginal_standardized,TV02,2011,NA,NA,NA,NA
P2_JanMar,P2_Late_Current,marginal_standardized,TV02,2012,0,0.2882225295837996,-0.2882225295837996,-0.297788658611899
P2_JanMar,P2_Late_Current,marginal_standardized,TV02,2013,0,0.21761293615374694,-0.21761293615374694,-0.31796545169256096
P2_JanMar,P2_Late_Current,marginal_standardized,TV02,2014,NA,NA,NA,NA
P2_JanMar,P2_Late_Current,marginal_standardized,TV02,2015,0.6931471805599453,0.5424550016434238,0.15069217891652154,0.1556936645017133
P2_JanMar,P2_Late_Current,marginal_standardized,TV02,2016,1.0986122886681098,0.9810368518549095,0.11757543681320026,0.1717955170084482
P2_JanMar,P2_Late_Current,marginal_standardized,TV02,2017,2.3978952727983707,1.121385328158825,1.2765099446395456,1.8651743242441905
P2_JanMar,P2_Late_Current,marginal_standardized,TV02,2018,4.330733340286331,2.679335071652076,1.6513982686342552,2.4129429329496364
P2_JanMar,P2_Late_Current,marginal_standardized,TV02,2019,4.804021044733257,4.442863987556988,0.36115705717626856,0.5277051486308482
P2_JanMar,P2_Late_Current,marginal_standardized,TV02,2020,5.442417710521793,5.060467587877084,0.3819501226447093,0.5580869658637844
P2_JanMar,P2_Late_Current,marginal_standardized,TV02,2021,5.187385805840755,5.498515090959013,-0.3111292851182581,-0.45460699821409556
P2_JanMar,P2_Late_Current,marginal_standardized,TV02,2022,5.062595033026967,5.339290666499176,-0.27669563347220905,-0.40429421905410645
P2_JanMar,P2_Late_Current,marginal_standardized,TV02,2023,3.6109179126442243,5.226055915142644,-1.6151380024984197,-2.359961193425532
P2_JanMar,P2_Late_Current,marginal_standardized,TV02,2024,4.382026634673881,3.683946208239749,0.698080426434132,1.0200012096341657
P2_JanMar,P2_Late_Current,marginal_standardized,TV02,2025,4.709530201312334,4.498457196905378,0.21107300440695553,NA
P2_JanMar,P2_Late_Current,marginal_standardized,WG01,1997,NA,NA,NA,NA
P2_JanMar,P2_Late_Current,marginal_standardized,WG01,1998,NA,NA,NA,NA
P2_JanMar,P2_Late_Current,marginal_standardized,WG01,1999,0,6.661338147750939e-16,-6.661338147750939e-16,-5.265783944832744e-16
P2_JanMar,P2_Late_Current,marginal_standardized,WG01,2000,0,0.040569469299844674,-0.040569469299844674,-0.0555471152930357
P2_JanMar,P2_Late_Current,marginal_standardized,WG01,2001,0,0.05818022067338774,-0.05818022067338774,-0.07965949472085654
P2_JanMar,P2_Late_Current,marginal_standardized,WG01,2002,0,0.07751751629923934,-0.07751751629923934,-0.10613583291611133
P2_JanMar,P2_Late_Current,marginal_standardized,WG01,2003,NA,NA,NA,NA
P2_JanMar,P2_Late_Current,marginal_standardized,WG01,2004,NA,NA,NA,NA
P2_JanMar,P2_Late_Current,marginal_standardized,WG01,2005,NA,NA,NA,NA
P2_JanMar,P2_Late_Current,marginal_standardized,WG01,2006,NA,NA,NA,NA
P2_JanMar,P2_Late_Current,marginal_standardized,WG01,2007,NA,NA,NA,NA
P2_JanMar,P2_Late_Current,marginal_standardized,WG01,2008,NA,NA,NA,NA
P2_JanMar,P2_Late_Current,marginal_standardized,WG01,2009,0,0.6289498267100797,-0.6289498267100797,-0.32548364057615803
P2_JanMar,P2_Late_Current,marginal_standardized,WG01,2010,0,0.3244133443793037,-0.3244133443793037,-0.44418193665908945
P2_JanMar,P2_Late_Current,marginal_standardized,WG01,2011,NA,NA,NA,NA
P2_JanMar,P2_Late_Current,marginal_standardized,WG01,2012,0,0.9406126673986834,-0.9406126673986834,-0.910663664442119
P2_JanMar,P2_Late_Current,marginal_standardized,WG01,2013,0,0.1189545783546345,-0.1189545783546345,-0.1628708433345129
P2_JanMar,P2_Late_Current,marginal_standardized,WG01,2014,0,-0.08028862836172584,0.08028862836172584,0.10992999842730398
P2_JanMar,P2_Late_Current,marginal_standardized,WG01,2015,0,0.03055551263645709,-0.03055551263645709,-0.041836154441921417
P2_JanMar,P2_Late_Current,marginal_standardized,WG01,2016,0,-0.024003285736479613,0.024003285736479613,0.03286494260897362
P2_JanMar,P2_Late_Current,marginal_standardized,WG01,2017,2.8903717578961645,0.6351913097947701,2.2551804481013944,3.0877596014737048
P2_JanMar,P2_Late_Current,marginal_standardized,WG01,2018,4.356708826689592,2.861879457103683,1.4948293695859087,2.046698188781145
P2_JanMar,P2_Late_Current,marginal_standardized,WG01,2019,4.709530201312334,4.641066344415346,0.06846385689698753,0.09373969682362654
P2_JanMar,P2_Late_Current,marginal_standardized,WG01,2020,4.859812404361672,4.753207450266333,0.10660495409533866,0.14596192107361944
P2_JanMar,P2_Late_Current,marginal_standardized,WG01,2021,3.9512437185814275,5.353081776616713,-1.4018380580352852,-1.9193758650461172
P2_JanMar,P2_Late_Current,marginal_standardized,WG01,2022,4.7535901911063645,4.221788882288717,0.5318013088176476,0.728134459821348
P2_JanMar,P2_Late_Current,marginal_standardized,WG01,2023,4.31748811353631,4.917434920021011,-0.5999468064847004,-0.8214382639119667
P2_JanMar,P2_Late_Current,marginal_standardized,WG01,2024,4.430816798843313,4.7216678023722505,-0.2908510035289371,-0.39822887764959897
P2_JanMar,P2_Late_Current,marginal_standardized,WG01,2025,4.653960350157523,4.702743197952449,-0.04878284779492592,NA
