Year, Jan, Feb, Mar, Apr, May, Jun, Jul, Aug, Sep, Oct, Nov, Dec
1895,1.64,0.89,-0.30,-0.76,0.35,-0.12,-0.03,-0.09,0.15,-0.78,-0.88,-1.66
1896,1.50,-0.83,-1.28,1.78,2.13,2.05,1.78,2.61,2.43,2.38,3.36,2.97
1897,2.17,2.69,3.29,2.33,1.27,0.94,0.79,0.62,-1.30,0.86,-0.25,-1.14
1898,-1.96,-2.21,-2.73,-3.28,-2.30,-2.03,-1.87,-1.77,-0.86,-0.72,-1.29,-1.76
1899,-1.90,-2.56,2.03,1.45,1.53,1.59,1.38,1.15,0.86,2.61,3.83,3.34
1900,2.79,1.57,0.79,0.75,0.97,0.68,0.56,-1.03,-1.18,-0.71,1.50,0.57
1901,0.76,1.12,-0.78,0.36,0.85,0.82,0.69,-0.08,0.69,-0.08,-0.00,-0.89
1902,-1.78,1.71,1.65,1.62,2.08,2.09,1.82,1.54,1.04,1.52,1.48,0.92
1903,0.78,-1.06,1.48,1.14,-0.52,-1.08,-1.01,-1.00,-1.20,-1.64,1.10,-0.89
1904,-1.83,1.65,3.59,3.37,2.92,2.14,1.87,1.87,4.99,5.83,5.03,3.80
1905,3.48,3.02,3.06,2.60,3.81,4.47,3.99,3.49,2.84,1.86,1.38,0.56
1906,0.78,0.71,2.31,1.79,2.83,3.79,3.35,2.92,2.45,1.46,1.05,1.78
1907,1.91,1.59,4.75,3.63,2.55,2.89,2.54,2.20,1.84,1.96,0.65,-1.39
1908,-1.30,-1.29,-1.87,-2.32,-2.26,-2.33,-2.14,-2.00,-1.95,-1.92,-1.96,-2.61
1909,3.06,4.14,3.90,2.70,1.66,1.10,0.94,0.76,1.19,1.17,1.04,1.94
1910,1.62,0.77,0.77,-1.14,-1.83,-2.03,-1.86,-1.75,-1.68,-1.86,-2.39,-2.73
1911,2.56,2.11,2.75,2.49,2.37,2.00,1.75,1.48,1.05,0.59,-1.45,-2.06
1912,-2.46,-3.05,-2.89,-2.40,-1.11,2.16,1.89,1.60,2.87,2.28,1.99,0.95
1913,0.67,-1.91,-2.32,-2.58,-2.58,-2.72,-2.14,-2.03,-2.19,-2.77,-1.32,2.13
1914,4.15,3.80,2.62,1.86,1.17,1.09,0.93,0.75,-1.37,-1.32,-2.05,-1.33
1915,1.14,2.67,1.73,1.24,3.75,4.67,4.17,3.64,2.95,1.90,1.08,1.46
1916,4.40,3.55,2.48,1.34,-2.51,-2.65,-1.88,1.58,1.79,1.65,1.16,1.17
1917,-0.79,0.50,-1.03,-1.26,-1.34,-1.58,-1.47,-1.40,-1.44,-2.11,-2.81,-3.01
1918,-3.29,-3.12,-2.75,-2.92,-3.16,-3.31,-3.02,-2.81,3.93,3.66,3.65,2.67
1919,1.67,3.50,3.05,2.03,0.99,-1.80,-1.66,-1.58,-1.15,-1.50,-2.35,-2.49
1920,-3.16,-3.64,-2.96,-2.38,-2.20,-1.92,-1.77,-1.68,-1.65,-0.75,0.14,1.79
1921,2.41,1.22,-1.54,-1.82,-1.55,-1.64,-1.52,-1.45,-1.39,-1.70,-1.93,-1.04
1922,-1.38,0.76,-0.09,-0.24,0.07,-0.19,-0.05,-0.09,-0.72,0.68,1.08,2.76
1923,2.11,0.94,-2.13,-0.96,-0.87,-0.60,-0.58,-0.56,1.15,0.56,-1.53,-1.98
1924,-2.70,-3.14,-3.49,-3.77,-4.23,-4.21,-3.82,-3.47,-3.42,-2.09,-1.99,-1.43
1925,-2.29,-0.60,-1.17,-0.57,3.22,4.30,4.00,3.50,3.45,2.48,1.98,1.22
1926,0.68,1.31,-1.62,-0.56,0.06,-0.29,-0.05,0.05,-0.28,0.64,2.63,1.37
1927,0.92,1.93,1.15,1.45,1.38,1.43,1.24,1.02,0.62,0.62,0.67,-0.19
1928,-1.06,-1.72,-1.00,-0.94,-1.04,-1.38,-1.28,-1.23,-1.40,-1.90,-1.60,-1.23
1929,-2.11,-2.66,-3.10,-2.79,-2.70,-1.57,-1.45,-1.40,-1.55,-2.17,-3.19,-3.29
1930,-2.83,-2.95,-2.90,-2.82,-2.74,-2.89,-2.63,-2.45,-2.17,-2.25,-2.31,-2.87
1931,-2.94,-3.61,-3.91,-4.34,-4.27,-3.63,-3.31,-3.06,-3.05,-2.85,-2.56,2.42
1932,1.72,1.31,-1.36,-1.78,-1.92,-2.09,-1.92,-1.81,-1.94,-2.51,-3.28,-3.54
1933,-2.60,-3.35,-3.23,-3.52,-2.73,-2.47,-2.26,-2.12,-2.05,-1.59,-2.58,-2.08
1934,-2.91,-2.53,-3.31,-4.12,-4.41,-3.58,-3.27,-3.02,-2.70,-2.69,-1.93,-1.97
1935,-1.31,-2.12,-1.29,2.19,1.94,1.42,1.23,1.42,1.04,1.00,-0.61,-1.46
1936,-1.17,2.04,1.11,0.80,-1.14,-0.95,0.31,-0.09,-0.33,-0.89,-1.90,-2.19
1937,-1.69,-0.73,2.53,2.16,1.61,1.64,1.42,1.19,0.76,-0.21,0.09,0.58
1938,-0.48,2.09,3.38,3.10,2.83,2.33,2.04,1.74,1.37,1.37,0.75,-1.21
1939,-2.04,-2.46,-2.47,-2.78,-2.63,-2.70,-2.47,-2.30,-1.99,-2.12,-2.93,-3.20
1940,-1.69,2.63,3.10,2.47,2.06,1.55,1.34,1.11,0.98,0.89,-0.43,1.16
1941,1.90,2.58,2.52,4.47,4.90,4.73,4.19,3.66,2.97,2.65,2.15,3.01
1942,3.00,2.79,2.16,3.51,4.32,4.74,4.20,3.68,3.12,2.78,3.33,2.74
1943,3.27,2.17,1.87,1.77,1.37,1.00,0.85,0.67,-1.10,-1.27,-1.91,-2.46
1944,-2.67,-1.79,-2.31,-1.82,-1.15,-0.62,-0.60,-0.62,-0.86,-0.83,1.97,1.53
1945,-1.19,-0.94,0.45,-0.56,0.04,-0.70,-0.68,-0.69,-0.93,0.79,0.90,2.57
1946,1.33,0.56,-1.91,-2.26,-2.18,-2.30,-1.92,-1.81,-1.89,-2.29,-1.89,-2.19
1947,-3.04,-3.48,-3.12,-3.44,-3.70,-3.10,-2.83,-2.63,-2.68,-1.02,-1.19,-1.93
1948,-2.53,-3.18,-2.71,-1.28,1.84,2.08,1.81,1.54,1.15,0.58,-1.39,-1.26
1949,-1.85,-1.83,-0.81,-1.43,-1.55,-1.77,-1.56,-1.28,-1.47,-1.88,-2.08,-2.65
1950,-1.35,-1.70,-1.94,-1.79,-1.44,-1.35,-1.26,-1.22,-1.41,0.83,2.36,3.10
1951,2.72,1.83,1.12,0.81,0.82,-1.11,-1.03,-0.67,-0.89,-0.72,0.17,2.39
1952,3.84,2.91,3.42,2.93,2.48,2.31,2.03,1.74,1.26,-1.12,-1.01,2.13
1953,1.72,0.70,-1.46,-0.92,0.51,1.40,1.21,1.30,0.84,-0.39,-0.69,-1.24
1954,-1.73,-1.99,-1.31,-1.18,-1.17,-1.09,-1.03,0.39,-0.30,-0.93,-0.89,-0.60
1955,0.12,-0.82,-1.56,-1.15,-1.04,-1.12,-1.04,-1.01,-1.14,-1.67,-1.60,4.07
1956,4.89,4.04,2.77,2.49,2.29,1.79,1.56,1.31,1.15,1.50,-1.43,-2.04
1957,-2.68,-2.53,-2.30,-2.04,2.44,3.50,3.09,2.68,3.19,3.81,2.94,2.16
1958,2.33,4.00,5.42,7.82,7.27,6.60,6.00,5.28,4.47,3.33,1.90,1.22
1959,0.58,0.89,-2.59,-3.33,-4.04,-4.07,-3.70,-3.37,3.20,2.49,1.00,-1.99
1960,-2.10,-1.77,-2.25,-2.16,-1.74,-1.83,-1.70,-1.61,-1.74,-2.05,-1.39,-1.93
1961,-2.40,-3.12,-2.83,-2.68,-2.25,-2.24,-2.06,-1.85,-1.68,-2.16,-1.81,-1.95
1962,-2.64,-0.85,-0.76,-1.20,-1.73,-1.96,-1.80,-1.51,-1.25,4.95,4.00,3.02
1963,2.20,2.20,2.42,4.21,4.11,3.68,3.25,2.83,2.43,2.52,2.77,1.44
1964,1.26,-1.69,-2.09,-2.52,-2.64,-2.00,-1.84,-1.75,-1.87,-1.58,-0.90,1.99
1965,1.90,0.72,-1.57,1.59,1.38,1.15,0.99,1.44,0.99,-1.07,1.15,1.28
1966,0.85,-0.37,-1.34,-1.97,-2.61,-2.71,-2.25,-1.95,-1.93,-2.53,-1.26,-0.97
1967,2.75,1.63,2.09,4.82,4.39,4.89,4.45,3.90,3.18,2.36,1.41,-2.06
1968,-1.49,-1.99,-1.83,-2.08,-2.22,-2.43,-2.23,-1.74,-1.89,-1.96,-1.74,-1.10
1969,1.97,3.12,2.24,2.37,2.06,1.72,1.49,1.25,0.81,1.33,-0.79,0.50
1970,1.96,0.80,-1.55,-1.94,-2.45,-2.13,-1.96,-1.84,-1.98,-1.87,2.02,3.48
1971,2.25,1.13,0.78,0.57,-1.57,-1.72,-1.59,-1.53,-1.39,-1.81,-1.84,-1.43
1972,-2.19,-2.80,-3.42,-3.29,-3.74,-3.58,-3.26,-3.02,-2.12,2.31,4.59,3.99
1973,5.21,5.56,5.01,3.79,2.59,1.85,1.61,1.36,1.70,2.07,4.46,4.92
1974,4.17,2.93,3.88,4.52,4.01,3.54,4.44,3.88,3.17,2.69,1.87,0.84
1975,-2.51,-1.47,2.29,2.53,2.22,1.81,1.98,2.12,1.60,2.74,2.07,1.10
1976,-1.74,-2.06,-2.34,-2.16,-2.73,-2.85,-2.61,-0.81,1.69,1.12,-0.64,-1.54
1977,-2.36,-3.00,-3.21,-3.54,-3.09,-3.03,-2.65,-2.48,-1.34,-1.69,-1.46,-0.89
1978,2.04,2.02,2.33,3.85,3.36,2.58,2.27,1.94,2.08,1.09,0.86,-1.55
1979,-0.81,1.03,0.88,-0.27,-0.63,-1.01,-0.80,-0.82,-1.11,0.98,0.94,1.26
1980,1.46,2.55,1.72,1.59,1.48,1.10,1.34,1.11,0.68,-1.17,-2.10,-2.62
1981,-2.11,-2.89,-1.85,-2.29,-2.69,-2.93,-2.67,-2.49,-2.32,-0.99,3.08,3.49
1982,4.91,4.54,5.61,7.44,6.60,5.83,5.18,4.55,4.77,5.26,6.85,6.49
1983,6.65,7.26,10.36,10.41,9.83,8.85,7.88,7.42,6.56,5.58,7.86,8.65
1984,6.94,5.31,4.09,3.49,2.56,2.18,1.89,1.88,1.44,2.24,4.65,3.76
1985,2.34,1.48,1.83,0.86,-2.46,-2.55,-2.17,-2.02,-1.58,-1.50,-0.92,-1.36
1986,-1.37,2.13,2.96,2.23,1.59,0.93,0.78,0.60,1.89,0.99,-1.77,-2.22
1987,-2.54,-2.08,-2.06,-2.57,-3.26,-3.38,-3.08,-2.86,-2.90,-2.64,-2.54,-2.15
1988,-2.15,-2.75,-3.56,-3.28,-3.56,-3.27,-2.98,-2.78,-2.81,-2.98,-2.56,-2.31
1989,-2.95,-3.54,-2.21,-2.54,-3.06,-3.14,-2.84,-2.65,-1.61,-0.81,-0.96,-1.82
1990,-2.43,-2.62,-3.07,-3.54,-2.26,-2.18,-1.96,-1.84,-1.85,-2.31,-2.90,-3.32
1991,-3.61,-4.00,-1.34,-1.58,-1.73,-1.76,-1.54,-0.69,-0.88,1.41,-0.89,-1.65
1992,-2.27,-0.91,1.34,-0.66,-1.71,-1.53,-1.31,-1.18,-1.35,-0.72,-1.72,-0.85
1993,2.46,2.41,1.58,1.24,1.04,0.96,0.81,0.62,-0.30,-1.34,-1.40,-2.07
1994,-2.61,-2.03,-2.74,-2.64,-2.20,-2.21,-2.03,-1.88,-1.94,-2.31,2.50,1.91
1995,3.47,2.28,4.16,3.78,4.26,4.85,4.29,3.77,3.08,1.92,-2.31,-1.21
1996,-0.59,2.07,1.50,1.50,2.70,3.09,2.75,2.37,1.90,1.72,1.69,3.55
1997,4.48,3.20,1.87,0.70,-3.48,-3.28,-3.00,-1.39,-1.55,-1.48,2.58,2.07
1998,3.64,7.04,5.87,5.70,7.25,7.86,7.06,6.24,5.37,4.56,4.24,3.19
1999,2.75,3.66,3.49,3.55,3.18,2.77,2.43,2.27,1.89,1.22,0.99,-1.16
2000,-0.82,2.13,1.59,1.43,1.77,1.64,1.42,1.21,1.01,2.12,1.58,0.85
2001,-1.45,0.93,-0.70,-0.59,-1.06,-1.28,-1.17,-1.13,-1.13,-1.48,0.93,3.37
2002,2.19,1.20,0.90,-1.98,-1.92,-2.08,-1.92,-1.82,-1.97,-2.53,-2.26,3.21
2003,2.10,1.11,-2.02,-0.63,1.60,1.50,1.31,1.08,0.63,-1.26,-1.35,1.06
2004,-0.49,1.09,-0.84,-1.93,-2.85,-2.99,-2.73,-2.46,-2.13,-0.72,-0.87,1.86
2005,1.67,1.52,1.95,1.96,2.84,4.04,3.79,3.30,2.72,1.92,1.41,2.93
2006,2.73,1.85,4.21,6.12,5.70,4.91,4.34,3.80,3.10,2.30,1.97,1.56
2007,-1.99,-1.50,-2.18,-2.25,-2.63,-2.80,-2.46,-2.31,-2.22,-1.32,-1.86,-2.30
2008,-0.69,-0.98,-1.76,-2.42,-3.28,-3.42,-3.12,-2.87,-2.92,-3.16,-2.89,-3.36
2009,-3.99,-2.16,-2.06,-2.38,-1.97,-2.03,-1.76,-1.67,-1.53,1.70,1.06,-1.10
2010,0.71,-0.25,-0.51,1.07,1.75,2.21,1.94,1.79,1.37,1.38,1.29,2.34
2011,1.02,1.26,3.05,2.42,2.37,4.15,4.47,4.16,3.46,3.29,2.82,1.85
2012,0.73,-2.34,1.76,2.57,2.30,2.11,1.96,1.72,1.27,1.16,1.63,3.17
2013,1.94,0.99,-2.21,-2.54,-3.26,-3.06,-2.78,-2.33,-1.78,-2.32,-2.71,-3.22
2014,-3.81,-3.53,-3.64,-2.77,-2.67,-2.81,-2.47,-2.25,-1.83,-2.29,-2.20,2.60
2015,1.52,0.66,-2.47,-2.58,-3.26,-3.20,-2.79,-2.54,-2.54,-3.14,-3.10,-2.78
2016,-1.87,-2.54,-0.78,-0.93,-1.45,-1.77,-1.51,-1.36,-1.54,1.45,1.26,1.59
2017,3.15,4.46,4.19,4.61,4.06,3.36,2.96,2.65,2.23,1.33,1.41,-1.56
2018,-1.51,-2.19,-1.36,1.56,1.40,1.04,0.91,0.79,-0.29,-1.13,-0.58,-1.29
2019,-1.14,1.95,2.58,1.87,2.60,2.36,2.13,1.91,1.52,-0.81,-1.38,-1.32
2020,-1.76,-2.49,-2.89,-3.22,-3.55,-3.58,-3.10,-2.84,-2.72,3.90,3.23,4.61
2021,3.25,2.08,0.96,0.62,-3.05,-2.94,-2.19,-2.03,-1.79,-2.33,-2.28,-0.58
2022,3.77,3.25,6.19,5.01,4.65,4.02,3.71,3.33,2.78,1.78,1.21,0.75
2023,0.95,1.59,1.95,1.73,2.10,2.00,1.83,1.74,1.27,-1.03,0.72,1.21
2024,1.36,1.96,2.29,2.03,2.37,2.23,2.04,1.93,1.44,-1.05,0.81,1.27
2025,-0.81,1.13,0.57,-1.33,-1.34,-1.20,-4.83,-7.29,-6.55,-9999.00,-9999.00,-9999.00
2026,-9999.00,-9999.00,-9999.00,-9999.00,-9999.00,-9999.00,-9999.00,-9999.00,-9999.00,-9999.00,-9999.00,-9999.00